{"is_source_file": true, "format": "Python", "description": "This file defines a data class for application state management and functions to initialize and retrieve this state within a FastAPI application, focusing on configuring shared resources such as database connections and configurations.", "external_files": ["src.api.config", "src.api.db.mongo"], "external_methods": ["MongoManager.__init__", "BackendConfig"], "published": ["init_state", "get_state"], "classes": [{"name": "AppState", "description": "A data class that encapsulates shared application state including configuration, database manager, and optional sampler task."}], "methods": [{"name": "None init_state(app: FastAPI, config: BackendConfig)", "description": "Initializes the application's state by setting the AppState object with configuration and a MongoDB manager.", "scope": "", "scopeKind": ""}, {"name": "AppState get_state(app: FastAPI)", "description": "Retrieves the typed AppState object from a FastAPI application.", "scope": "", "scopeKind": ""}], "calls": ["MongoManager.__init__", "app.state.state"], "search-terms": ["AppState", "FastAPI application state", "MongoManager", "BackendConfig", "performance_monitor_backend/src/api/state.py"], "state": 2, "file_id": 23, "knowledge_revision": 56, "git_revision": "ac108bb99020dc67cfe8a133c3fe05fd9ce788f5", "ctags": [{"_type": "tag", "name": "AppState", "path": "/home/kavia/workspace/code-generation/mongodb-performance-monitor-210576-210586/performance_monitor_backend/src/api/state.py", "pattern": "/^class AppState:$/", "language": "Python", "kind": "class"}, {"_type": "tag", "name": "get_state", "path": "/home/kavia/workspace/code-generation/mongodb-performance-monitor-210576-210586/performance_monitor_backend/src/api/state.py", "pattern": "/^def get_state(app: FastAPI) -> AppState:$/", "language": "Python", "typeref": "typename:AppState", "kind": "function", "signature": "(app: FastAPI)"}, {"_type": "tag", "name": "init_state", "path": "/home/kavia/workspace/code-generation/mongodb-performance-monitor-210576-210586/performance_monitor_backend/src/api/state.py", "pattern": "/^def init_state(app: FastAPI, config: BackendConfig) -> None:$/", "language": "Python", "typeref": "typename:None", "kind": "function", "signature": "(app: FastAPI, config: BackendConfig)"}, {"_type": "tag", "name": "sampler_task", "path": "/home/kavia/workspace/code-generation/mongodb-performance-monitor-210576-210586/performance_monitor_backend/src/api/state.py", "pattern": "/^    sampler_task: Optional[object] = None  # asyncio.Task, but kept loose to avoid import cycles$/", "language": "Python", "typeref": "typename:Optional[object]", "kind": "variable", "scope": "AppState", "scopeKind": "class"}], "hash": "817f5c4175acdd0ac1d22d8a0a80589d", "format-version": 4, "code-base-name": "performance_monitor_backend", "filename": "performance_monitor_backend/src/api/state.py", "fields": [{"name": "Optional[object] sampler_task", "scope": "AppState", "scopeKind": "class", "description": "unavailable"}], "revision_history": [{"56": "ac108bb99020dc67cfe8a133c3fe05fd9ce788f5"}]}