{"is_source_file": true, "format": "Python", "description": "This file defines data models (schemas) for alerts and recommendations used in a backend API, utilizing Pydantic for data validation and serialization.", "external_files": ["src.api.schemas.common"], "external_methods": [], "published": ["Alert", "AlertsResponse", "Recommendation", "RecommendationsResponse"], "classes": [{"name": "Alert", "description": "Represents an alert message with details such as ID, severity, timestamp, and acknowledgment status."}, {"name": "AlertsResponse", "description": "Encapsulates a list of Alert objects and a total count for API responses."}, {"name": "Recommendation", "description": "Models a recommendation with optional scope, severity, rationale, and action items."}, {"name": "RecommendationsResponse", "description": "Encapsulates a list of Recommendation objects and a total count for API responses."}], "methods": [], "calls": [], "search-terms": ["schemas", "alerts", "recommendations", "pydantic", "Severity", "API models", "backend data schemas"], "state": 2, "file_id": 8, "knowledge_revision": 30, "git_revision": "5c1110a3ebc62d3d78963eacede0143bf7676821", "ctags": [{"_type": "tag", "name": "Alert", "path": "/home/kavia/workspace/code-generation/mongodb-performance-monitor-210576-210586/performance_monitor_backend/src/api/schemas/insights.py", "pattern": "/^class Alert(BaseModel):$/", "language": "Python", "kind": "class"}, {"_type": "tag", "name": "AlertsResponse", "path": "/home/kavia/workspace/code-generation/mongodb-performance-monitor-210576-210586/performance_monitor_backend/src/api/schemas/insights.py", "pattern": "/^class AlertsResponse(BaseModel):$/", "language": "Python", "kind": "class"}, {"_type": "tag", "name": "Recommendation", "path": "/home/kavia/workspace/code-generation/mongodb-performance-monitor-210576-210586/performance_monitor_backend/src/api/schemas/insights.py", "pattern": "/^class Recommendation(BaseModel):$/", "language": "Python", "kind": "class"}, {"_type": "tag", "name": "RecommendationsResponse", "path": "/home/kavia/workspace/code-generation/mongodb-performance-monitor-210576-210586/performance_monitor_backend/src/api/schemas/insights.py", "pattern": "/^class RecommendationsResponse(BaseModel):$/", "language": "Python", "kind": "class"}, {"_type": "tag", "name": "acknowledged", "path": "/home/kavia/workspace/code-generation/mongodb-performance-monitor-210576-210586/performance_monitor_backend/src/api/schemas/insights.py", "pattern": "/^    acknowledged: bool = Field(default=False, description=\"Whether the alert has been acknowledg/", "language": "Python", "typeref": "typename:bool", "kind": "variable", "scope": "Alert", "scopeKind": "class"}, {"_type": "tag", "name": "action_items", "path": "/home/kavia/workspace/code-generation/mongodb-performance-monitor-210576-210586/performance_monitor_backend/src/api/schemas/insights.py", "pattern": "/^    action_items: List[str] = Field(default_factory=list, description=\"Bulleted list of action i/", "language": "Python", "typeref": "typename:List[str]", "kind": "variable", "scope": "Recommendation", "scopeKind": "class"}, {"_type": "tag", "name": "created_at", "path": "/home/kavia/workspace/code-generation/mongodb-performance-monitor-210576-210586/performance_monitor_backend/src/api/schemas/insights.py", "pattern": "/^    created_at: datetime = Field(..., description=\"UTC timestamp when recommendation was generat/", "language": "Python", "typeref": "typename:datetime", "kind": "variable", "scope": "Recommendation", "scopeKind": "class"}, {"_type": "tag", "name": "created_at", "path": "/home/kavia/workspace/code-generation/mongodb-performance-monitor-210576-210586/performance_monitor_backend/src/api/schemas/insights.py", "pattern": "/^    created_at: datetime = Field(..., description=\"UTC timestamp when the alert was created.\")$/", "language": "Python", "typeref": "typename:datetime", "kind": "variable", "scope": "Alert", "scopeKind": "class"}, {"_type": "tag", "name": "description", "path": "/home/kavia/workspace/code-generation/mongodb-performance-monitor-210576-210586/performance_monitor_backend/src/api/schemas/insights.py", "pattern": "/^    description: str = Field(..., description=\"Detailed alert description.\")$/", "language": "Python", "typeref": "typename:str", "kind": "variable", "scope": "Alert", "scopeKind": "class"}, {"_type": "tag", "name": "id", "path": "/home/kavia/workspace/code-generation/mongodb-performance-monitor-210576-210586/performance_monitor_backend/src/api/schemas/insights.py", "pattern": "/^    id: str = Field(..., description=\"Alert identifier.\")$/", "language": "Python", "typeref": "typename:str", "kind": "variable", "scope": "Alert", "scopeKind": "class"}, {"_type": "tag", "name": "id", "path": "/home/kavia/workspace/code-generation/mongodb-performance-monitor-210576-210586/performance_monitor_backend/src/api/schemas/insights.py", "pattern": "/^    id: str = Field(..., description=\"Recommendation identifier.\")$/", "language": "Python", "typeref": "typename:str", "kind": "variable", "scope": "Recommendation", "scopeKind": "class"}, {"_type": "tag", "name": "instance_id", "path": "/home/kavia/workspace/code-generation/mongodb-performance-monitor-210576-210586/performance_monitor_backend/src/api/schemas/insights.py", "pattern": "/^    instance_id: Optional[str] = Field($/", "language": "Python", "typeref": "typename:Optional[str]", "kind": "variable", "scope": "Recommendation", "scopeKind": "class"}, {"_type": "tag", "name": "instance_id", "path": "/home/kavia/workspace/code-generation/mongodb-performance-monitor-210576-210586/performance_monitor_backend/src/api/schemas/insights.py", "pattern": "/^    instance_id: str = Field(..., description=\"Instance ID this alert applies to.\")$/", "language": "Python", "typeref": "typename:str", "kind": "variable", "scope": "Alert", "scopeKind": "class"}, {"_type": "tag", "name": "items", "path": "/home/kavia/workspace/code-generation/mongodb-performance-monitor-210576-210586/performance_monitor_backend/src/api/schemas/insights.py", "pattern": "/^    items: List[Alert] = Field(..., description=\"List of current alerts.\")$/", "language": "Python", "typeref": "typename:List[Alert]", "kind": "variable", "scope": "AlertsResponse", "scopeKind": "class"}, {"_type": "tag", "name": "items", "path": "/home/kavia/workspace/code-generation/mongodb-performance-monitor-210576-210586/performance_monitor_backend/src/api/schemas/insights.py", "pattern": "/^    items: List[Recommendation] = Field(..., description=\"List of recommendations.\")$/", "language": "Python", "typeref": "typename:List[Recommendation]", "kind": "variable", "scope": "RecommendationsResponse", "scopeKind": "class"}, {"_type": "tag", "name": "rationale", "path": "/home/kavia/workspace/code-generation/mongodb-performance-monitor-210576-210586/performance_monitor_backend/src/api/schemas/insights.py", "pattern": "/^    rationale: str = Field(..., description=\"Why this recommendation is suggested.\")$/", "language": "Python", "typeref": "typename:str", "kind": "variable", "scope": "Recommendation", "scopeKind": "class"}, {"_type": "tag", "name": "severity", "path": "/home/kavia/workspace/code-generation/mongodb-performance-monitor-210576-210586/performance_monitor_backend/src/api/schemas/insights.py", "pattern": "/^    severity: Severity = Field(..., description=\"Alert severity.\")$/", "language": "Python", "typeref": "typename:Severity", "kind": "variable", "scope": "Alert", "scopeKind": "class"}, {"_type": "tag", "name": "severity", "path": "/home/kavia/workspace/code-generation/mongodb-performance-monitor-210576-210586/performance_monitor_backend/src/api/schemas/insights.py", "pattern": "/^    severity: Severity = Field(..., description=\"Recommendation severity.\")$/", "language": "Python", "typeref": "typename:Severity", "kind": "variable", "scope": "Recommendation", "scopeKind": "class"}, {"_type": "tag", "name": "title", "path": "/home/kavia/workspace/code-generation/mongodb-performance-monitor-210576-210586/performance_monitor_backend/src/api/schemas/insights.py", "pattern": "/^    title: str = Field(..., description=\"Short alert title.\")$/", "language": "Python", "typeref": "typename:str", "kind": "variable", "scope": "Alert", "scopeKind": "class"}, {"_type": "tag", "name": "title", "path": "/home/kavia/workspace/code-generation/mongodb-performance-monitor-210576-210586/performance_monitor_backend/src/api/schemas/insights.py", "pattern": "/^    title: str = Field(..., description=\"Short recommendation title.\")$/", "language": "Python", "typeref": "typename:str", "kind": "variable", "scope": "Recommendation", "scopeKind": "class"}, {"_type": "tag", "name": "total", "path": "/home/kavia/workspace/code-generation/mongodb-performance-monitor-210576-210586/performance_monitor_backend/src/api/schemas/insights.py", "pattern": "/^    total: int = Field(..., ge=0, description=\"Total count of alerts returned.\")$/", "language": "Python", "typeref": "typename:int", "kind": "variable", "scope": "AlertsResponse", "scopeKind": "class"}, {"_type": "tag", "name": "total", "path": "/home/kavia/workspace/code-generation/mongodb-performance-monitor-210576-210586/performance_monitor_backend/src/api/schemas/insights.py", "pattern": "/^    total: int = Field(..., ge=0, description=\"Total count of recommendations returned.\")$/", "language": "Python", "typeref": "typename:int", "kind": "variable", "scope": "RecommendationsResponse", "scopeKind": "class"}], "hash": "3f11834d713e25d127ecf5dc88e19af7", "format-version": 4, "code-base-name": "performance_monitor_backend", "filename": "performance_monitor_backend/src/api/schemas/insights.py", "fields": [{"name": "bool acknowledged", "scope": "Alert", "scopeKind": "class", "description": "unavailable"}, {"name": "List[str] action_items", "scope": "Recommendation", "scopeKind": "class", "description": "unavailable"}, {"name": "datetime created_at", "scope": "Recommendation", "scopeKind": "class", "description": "unavailable"}, {"name": "str description", "scope": "Alert", "scopeKind": "class", "description": "unavailable"}, {"name": "str id", "scope": "Alert", "scopeKind": "class", "description": "unavailable"}, {"name": "Optional[str] instance_id", "scope": "Recommendation", "scopeKind": "class", "description": "unavailable"}, {"name": "str instance_id", "scope": "Alert", "scopeKind": "class", "description": "unavailable"}, {"name": "List[Alert] items", "scope": "AlertsResponse", "scopeKind": "class", "description": "unavailable"}, {"name": "List[Recommendation] items", "scope": "RecommendationsResponse", "scopeKind": "class", "description": "unavailable"}, {"name": "str rationale", "scope": "Recommendation", "scopeKind": "class", "description": "unavailable"}, {"name": "Severity severity", "scope": "Alert", "scopeKind": "class", "description": "unavailable"}, {"name": "str title", "scope": "Alert", "scopeKind": "class", "description": "unavailable"}, {"name": "int total", "scope": "AlertsResponse", "scopeKind": "class", "description": "unavailable"}], "revision_history": [{"30": "5c1110a3ebc62d3d78963eacede0143bf7676821"}]}