{"is_source_file": true, "format": "Python", "description": "This is a Django/Python backend configuration module handling MongoDB connection settings, environment variable overrides, and configuration parsing. It defines a data class for backend configuration, functions to locate and parse MongoDB connection details, and a main function to load and validate the configuration.", "external_files": ["os", "re", "pathlib.Path", "dataclasses.dataclass"], "external_methods": ["Path.resolve", "Path.exists", "Path.read_text", "re.search", "re.match", "re.sub"], "published": ["load_config"], "classes": [{"name": "BackendConfig", "description": "Immutable data class for storing backend MongoDB connection and configuration parameters."}], "methods": [{"name": "Path _db_connection_candidate_path()", "description": "Determines the expected file path for the MongoDB connection info based on the repository structure.", "scope": "", "scopeKind": ""}, {"name": "Optional[str] _parse_mongo_uri_from_db_connection_text(text: str)", "description": "Extracts a MongoDB URI from the text content of the connection file, supporting various formats.", "scope": "", "scopeKind": ""}, {"name": "Tuple[Optional[str],Optional[str]] _read_mongo_uri_from_db_connection_file()", "description": "Reads the MongoDB URI and its file path from the designated connection file, handling errors.", "scope": "", "scopeKind": ""}, {"name": "str _sanitize_mongo_uri_for_logs(uri: str)", "description": "Masks credentials in the MongoDB URI to prevent secret leaks in logs.", "scope": "", "scopeKind": ""}, {"name": "BackendConfig load_config()", "description": "Main exported function to load backend configuration, prioritizing file over environment variables, with validation and logging.", "scope": "", "scopeKind": ""}], "calls": ["Path.resolve", "Path.exists", "Path.read_text", "re.search", "re.match", "re.sub", "logger.info", "logger.exception", "os.getenv"], "search-terms": ["mongodb_instance", "db_connection.txt", "BackendConfig", "load_config", "mongo_uri"], "state": 2, "file_id": 21, "knowledge_revision": 78, "git_revision": "09410bea15e21a7e3c9b73c6e17854e1898bd9de", "revision_history": [{"45": ""}, {"58": "d21f925c1fc950dcc3050ff0205bcb57f4237af9"}, {"65": "d21f925c1fc950dcc3050ff0205bcb57f4237af9"}, {"78": "09410bea15e21a7e3c9b73c6e17854e1898bd9de"}], "ctags": [{"_type": "tag", "name": "BackendConfig", "path": "/home/kavia/workspace/code-generation/mongodb-performance-monitor-210576-210586/performance_monitor_backend/src/api/config.py", "pattern": "/^class BackendConfig:$/", "language": "Python", "kind": "class"}, {"_type": "tag", "name": "_db_connection_candidate_path", "path": "/home/kavia/workspace/code-generation/mongodb-performance-monitor-210576-210586/performance_monitor_backend/src/api/config.py", "pattern": "/^def _db_connection_candidate_path() -> Path:$/", "language": "Python", "typeref": "typename:Path", "kind": "function", "signature": "()"}, {"_type": "tag", "name": "_parse_mongo_uri_from_db_connection_text", "path": "/home/kavia/workspace/code-generation/mongodb-performance-monitor-210576-210586/performance_monitor_backend/src/api/config.py", "pattern": "/^def _parse_mongo_uri_from_db_connection_text(text: str) -> Optional[str]:$/", "language": "Python", "typeref": "typename:Optional[str]", "kind": "function", "signature": "(text: str)"}, {"_type": "tag", "name": "_read_mongo_uri_from_db_connection_file", "path": "/home/kavia/workspace/code-generation/mongodb-performance-monitor-210576-210586/performance_monitor_backend/src/api/config.py", "pattern": "/^def _read_mongo_uri_from_db_connection_file() -> Tuple[Optional[str], Optional[str]]:$/", "language": "Python", "typeref": "typename:Tuple[Optional[str],Optional[str]]", "kind": "function", "signature": "()"}, {"_type": "tag", "name": "_sanitize_mongo_uri_for_logs", "path": "/home/kavia/workspace/code-generation/mongodb-performance-monitor-210576-210586/performance_monitor_backend/src/api/config.py", "pattern": "/^def _sanitize_mongo_uri_for_logs(uri: str) -> str:$/", "language": "Python", "typeref": "typename:str", "kind": "function", "signature": "(uri: str)"}, {"_type": "tag", "name": "load_config", "path": "/home/kavia/workspace/code-generation/mongodb-performance-monitor-210576-210586/performance_monitor_backend/src/api/config.py", "pattern": "/^def load_config() -> BackendConfig:$/", "language": "Python", "typeref": "typename:BackendConfig", "kind": "function", "signature": "()"}, {"_type": "tag", "name": "logger", "path": "/home/kavia/workspace/code-generation/mongodb-performance-monitor-210576-210586/performance_monitor_backend/src/api/config.py", "pattern": "/^logger = logging.getLogger(__name__)$/", "language": "Python", "kind": "variable"}], "hash": "65caae8b28648c04e0459ea570716ab8", "format-version": 4, "code-base-name": "performance_monitor_backend", "filename": "performance_monitor_backend/src/api/config.py", "fields": [{"name": "logger = logging.getLogger(__name__)", "scope": "", "scopeKind": "", "description": "unavailable"}]}