{"is_source_file": false, "format": "", "description": "", "external_files": [], "external_methods": [], "published": [], "classes": [], "methods": [], "calls": [], "search-terms": [], "state": 2, "file_id": 19, "knowledge_revision": 73, "git_revision": "9e7446029497066b1021343648c0face5bcaa592", "revision_history": [{"41": "5c1110a3ebc62d3d78963eacede0143bf7676821"}, {"54": "ac108bb99020dc67cfe8a133c3fe05fd9ce788f5"}, {"63": "d21f925c1fc950dcc3050ff0205bcb57f4237af9"}, {"73": "9e7446029497066b1021343648c0face5bcaa592"}], "ctags": [], "hash": "e6960bb5902c41c012ddda032f257f27", "format-version": 4, "code-base-name": "performance_monitor_backend", "filename": "performance_monitor_backend/src/api/services/__init__.py"}