{"is_source_file": false, "format": "", "description": "", "external_files": [], "external_methods": [], "published": [], "classes": [], "methods": [], "calls": [], "search-terms": ["pytest", "ini", "performance_monitor_backend"], "state": 2, "file_id": 30, "knowledge_revision": 91, "git_revision": "", "hash": "681a4f8e0bc1ca60ea2be1cae87a3874", "format-version": 4, "code-base-name": "performance_monitor_backend", "filename": "performance_monitor_backend/pytest.ini", "revision_history": [{"91": ""}]}