{"is_source_file": true, "format": "Python", "description": "This is the main entry point for the backend API of a MongoDB performance monitoring application, setting up FastAPI routes, middleware, startup/shutdown events, and background tasks.", "external_files": ["src.api.config", "src.api.routers", "src.api.services.metrics_sampler", "src.api.state"], "external_methods": ["load_config", "get_state", "init_state", "sampler_loop"], "published": ["app"], "classes": [], "methods": [{"name": "None _on_startup()", "description": "Handles startup procedures: connect to MongoDB, initialize indexes, and start metrics sampler.", "scope": "", "scopeKind": ""}, {"name": "None _on_shutdown()", "description": "Handles shutdown procedures: stop sampler, handle errors, and close MongoDB connections.", "scope": "", "scopeKind": ""}], "calls": ["fastapi.FastAPI", "fastapi.middleware.cors.CORSMiddleware", "src.api.config.load_config", "src.api.state.get_state", "src.api.state.init_state", "src.api.services.metrics_sampler.sampler_loop", "asyncio.create_task", "asyncio.Event", "asyncio.wait_for", "logging.getLogger", "logger.exception", "os.getenv", "app.include_router", "app.add_middleware"], "search-terms": ["MongoDB Performance Monitor", "sampler_loop", "FastAPI startup", "MongoDB index initialization", "CORS configuration", "app state management", "background sampling task"], "state": 2, "file_id": 2, "knowledge_revision": 53, "git_revision": "ac108bb99020dc67cfe8a133c3fe05fd9ce788f5", "revision_history": [{"9": "f42301804fe08ae5ee7c6452b872458071970ce0"}, {"27": "5c1110a3ebc62d3d78963eacede0143bf7676821"}, {"53": "ac108bb99020dc67cfe8a133c3fe05fd9ce788f5"}], "ctags": [{"_type": "tag", "name": "_on_shutdown", "path": "/home/kavia/workspace/code-generation/mongodb-performance-monitor-210576-210586/performance_monitor_backend/src/api/main.py", "pattern": "/^async def _on_shutdown() -> None:$/", "language": "Python", "typeref": "typename:None", "kind": "function", "signature": "()"}, {"_type": "tag", "name": "_on_startup", "path": "/home/kavia/workspace/code-generation/mongodb-performance-monitor-210576-210586/performance_monitor_backend/src/api/main.py", "pattern": "/^async def _on_startup() -> None:$/", "language": "Python", "typeref": "typename:None", "kind": "function", "signature": "()"}, {"_type": "tag", "name": "allowed_origins", "path": "/home/kavia/workspace/code-generation/mongodb-performance-monitor-210576-210586/performance_monitor_backend/src/api/main.py", "pattern": "/^allowed_origins: List[str] = [\"http:\\/\\/localhost:3000\", \"http:\\/\\/127.0.0.1:3000\"]$/", "language": "Python", "typeref": "typename:List[str]", "kind": "variable"}, {"_type": "tag", "name": "app", "path": "/home/kavia/workspace/code-generation/mongodb-performance-monitor-210576-210586/performance_monitor_backend/src/api/main.py", "pattern": "/^app = FastAPI($/", "language": "Python", "kind": "variable"}, {"_type": "tag", "name": "frontend_url", "path": "/home/kavia/workspace/code-generation/mongodb-performance-monitor-210576-210586/performance_monitor_backend/src/api/main.py", "pattern": "/^frontend_url = os.getenv(\"REACT_APP_FRONTEND_URL\")$/", "language": "Python", "kind": "variable"}, {"_type": "tag", "name": "logger", "path": "/home/kavia/workspace/code-generation/mongodb-performance-monitor-210576-210586/performance_monitor_backend/src/api/main.py", "pattern": "/^logger = logging.getLogger(__name__)$/", "language": "Python", "kind": "variable"}, {"_type": "tag", "name": "openapi_tags", "path": "/home/kavia/workspace/code-generation/mongodb-performance-monitor-210576-210586/performance_monitor_backend/src/api/main.py", "pattern": "/^openapi_tags = [$/", "language": "Python", "kind": "variable"}], "hash": "7d8edbff7c2ef2f3d011248076b24b9a", "format-version": 4, "code-base-name": "performance_monitor_backend", "filename": "performance_monitor_backend/src/api/main.py", "fields": [{"name": "List[str] allowed_origins", "scope": "", "scopeKind": "", "description": "unavailable"}, {"name": "app = FastAPI(", "scope": "", "scopeKind": "", "description": "unavailable"}, {"name": "frontend_url = os.getenv(\"REACT_APP_FRONTEND_URL\")", "scope": "", "scopeKind": "", "description": "unavailable"}, {"name": "logger = logging.getLogger(__name__)", "scope": "", "scopeKind": "", "description": "unavailable"}, {"name": "openapi_tags = [", "scope": "", "scopeKind": "", "description": "unavailable"}]}