{"is_source_file": true, "format": "Python", "description": "This file defines API routes related to metrics, including endpoints for retrieving metrics summary and timeseries data for specific instances in a performance monitoring backend.", "external_files": ["src.api.schemas.metrics", "src.api.services.metrics_service"], "external_methods": ["metrics_service.get_summary", "metrics_service.get_timeseries"], "published": ["router"], "classes": [], "methods": [{"name": "MetricsSummary get_metrics_summary(request: Request, instance_id: str = Path(..., description=\"Instance identifier\"))", "description": "Handles GET request to retrieve a metrics summary snapshot for a specific instance.", "scope": "", "scopeKind": ""}, {"name": "TimeseriesResponse get_metrics_timeseries( request: Request, payload: TimeseriesRequest, instance_id: str = Path(..., description=\"Instance identifier\"), )", "description": "Handles POST request to fetch timeseries data for a specific instance based on provided parameters.", "scope": "", "scopeKind": ""}], "calls": ["metrics_service.get_summary", "metrics_service.get_timeseries"], "search-terms": ["metrics", "APIRouter", "performance_monitor_backend", "fastapi", "/api/metrics", "TimeseriesRequest", "MetricsSummary"], "state": 2, "file_id": 15, "knowledge_revision": 51, "git_revision": "ac108bb99020dc67cfe8a133c3fe05fd9ce788f5", "revision_history": [{"37": "5c1110a3ebc62d3d78963eacede0143bf7676821"}, {"51": "ac108bb99020dc67cfe8a133c3fe05fd9ce788f5"}], "ctags": [{"_type": "tag", "name": "get_metrics_summary", "path": "/home/kavia/workspace/code-generation/mongodb-performance-monitor-210576-210586/performance_monitor_backend/src/api/routers/metrics.py", "pattern": "/^def get_metrics_summary(request: Request, instance_id: str = Path(..., description=\"Instance ide/", "language": "Python", "typeref": "typename:MetricsSummary", "kind": "function", "signature": "(request: Request, instance_id: str = Path(..., description=\"Instance identifier\"))"}, {"_type": "tag", "name": "get_metrics_timeseries", "path": "/home/kavia/workspace/code-generation/mongodb-performance-monitor-210576-210586/performance_monitor_backend/src/api/routers/metrics.py", "pattern": "/^def get_metrics_timeseries($/", "language": "Python", "typeref": "typename:TimeseriesResponse", "kind": "function", "signature": "( request: Request, payload: TimeseriesRequest, instance_id: str = Path(..., description=\"Instance identifier\"), )"}, {"_type": "tag", "name": "router", "path": "/home/kavia/workspace/code-generation/mongodb-performance-monitor-210576-210586/performance_monitor_backend/src/api/routers/metrics.py", "pattern": "/^router = APIRouter(prefix=\"\\/api\\/metrics\", tags=[\"Metrics\"])$/", "language": "Python", "kind": "variable"}], "hash": "43b3fcadaf26a9e52fc66cf7869461a5", "format-version": 4, "code-base-name": "performance_monitor_backend", "filename": "performance_monitor_backend/src/api/routers/metrics.py", "fields": [{"name": "router = APIRouter(prefix=\"\\/api\\/metrics\", tags=[\"Metrics\"])", "scope": "", "scopeKind": "", "description": "unavailable"}]}