{"is_source_file": true, "format": "Python", "description": "This file defines a FastAPI router for handling recommendations-related API endpoints, specifically a GET endpoint to list recommendations with optional filtering by instance ID.", "external_files": ["src/api/schemas/insights.py", "src/api/services/insights_service"], "external_methods": ["insights_service.list_recommendations"], "published": ["router"], "classes": [{"name": "RecommendationsResponse", "description": "Response schema for recommendations API endpoint, containing a list of recommendation items and total count."}], "methods": [{"name": "RecommendationsResponse list_recommendations( instance_id: Optional[str] = Query(default=None, alias=\"instanceId\"), )", "description": "API endpoint handler that retrieves recommendations, optionally filtering by instance ID, and returns a RecommendationsResponse object.", "scope": "", "scopeKind": ""}], "calls": ["insights_service.list_recommendations"], "search-terms": ["FastAPI", "recommendations", "APIRouter", "list_recommendations", "instanceId"], "state": 2, "file_id": 17, "knowledge_revision": 39, "git_revision": "5c1110a3ebc62d3d78963eacede0143bf7676821", "ctags": [{"_type": "tag", "name": "list_recommendations", "path": "/home/kavia/workspace/code-generation/mongodb-performance-monitor-210576-210586/performance_monitor_backend/src/api/routers/recommendations.py", "pattern": "/^def list_recommendations($/", "language": "Python", "typeref": "typename:RecommendationsResponse", "kind": "function", "signature": "( instance_id: Optional[str] = Query(default=None, alias=\"instanceId\"), )"}, {"_type": "tag", "name": "router", "path": "/home/kavia/workspace/code-generation/mongodb-performance-monitor-210576-210586/performance_monitor_backend/src/api/routers/recommendations.py", "pattern": "/^router = APIRouter(prefix=\"\\/api\\/recommendations\", tags=[\"Recommendations\"])$/", "language": "Python", "kind": "variable"}], "hash": "7cddad13829feec9d2c21c3c07206f40", "format-version": 4, "code-base-name": "performance_monitor_backend", "filename": "performance_monitor_backend/src/api/routers/recommendations.py", "fields": [{"name": "router = APIRouter(prefix=\"\\/api\\/recommendations\", tags=[\"Recommendations\"])", "scope": "", "scopeKind": "", "description": "unavailable"}], "revision_history": [{"39": "5c1110a3ebc62d3d78963eacede0143bf7676821"}]}