{"is_source_file": true, "format": "Python", "description": "This file is a Python module initializing the services package, primarily containing a comment about the business logic layer for MongoDB-backed instances and metrics. It notes that side-effect imports are intentionally avoided and modules are imported as needed.", "external_files": [], "external_methods": [], "published": [], "classes": [], "methods": [], "calls": [], "search-terms": ["performance_monitor_backend", "api/services", "business-logic layer", "MongoDB-backed", "instances and metrics", "stubbed"], "state": 3, "file_id": 19, "knowledge_revision": 63, "git_revision": "d21f925c1fc950dcc3050ff0205bcb57f4237af9", "revision_history": [{"41": "5c1110a3ebc62d3d78963eacede0143bf7676821"}, {"54": "ac108bb99020dc67cfe8a133c3fe05fd9ce788f5"}, {"63": "d21f925c1fc950dcc3050ff0205bcb57f4237af9"}, {"73": "9e7446029497066b1021343648c0face5bcaa592"}], "ctags": [], "hash": "1c5f80bf59f6f90ba9562812dcb0e037", "format-version": 4, "code-base-name": "performance_monitor_backend", "filename": "performance_monitor_backend/src/api/services/__init__.py"}