{"is_source_file": true, "format": "Python", "description": "This is the main source file for a FastAPI backend API server for MongoDB performance monitoring. It sets up the application, configures CORS, and includes routers for various API endpoints such as health, instances, metrics, alerts, and recommendations.", "external_files": ["src.api.routers.alerts", "src.api.routers.health", "src.api.routers.instances", "src.api.routers.metrics", "src.api.routers.recommendations"], "external_methods": ["fastapi.FastAPI", "fastapi.middleware.cors.CORSMiddleware", "os.getenv"], "published": ["app"], "classes": [], "methods": [{"name": "add_middleware", "description": "Configures and adds middleware to the FastAPI application, specifically CORS middleware."}, {"name": "include_router", "description": "Includes route definitions from other modules into the main FastAPI app."}], "calls": ["fastapi.FastAPI", "fastapi.middleware.cors.CORSMiddleware", "os.getenv", "app.add_middleware", "app.include_router"], "search-terms": ["FastAPI", "CORS middleware", "MongoDB performance monitor", "api routers", "main.py"], "state": 2, "file_id": 2, "knowledge_revision": 27, "git_revision": "5c1110a3ebc62d3d78963eacede0143bf7676821", "revision_history": [{"9": "f42301804fe08ae5ee7c6452b872458071970ce0"}, {"27": "5c1110a3ebc62d3d78963eacede0143bf7676821"}], "ctags": [{"_type": "tag", "name": "allowed_origins", "path": "/home/kavia/workspace/code-generation/mongodb-performance-monitor-210576-210586/performance_monitor_backend/src/api/main.py", "pattern": "/^allowed_origins: List[str] = [\"http:\\/\\/localhost:3000\", \"http:\\/\\/127.0.0.1:3000\"]$/", "language": "Python", "typeref": "typename:List[str]", "kind": "variable"}, {"_type": "tag", "name": "app", "path": "/home/kavia/workspace/code-generation/mongodb-performance-monitor-210576-210586/performance_monitor_backend/src/api/main.py", "pattern": "/^app = FastAPI($/", "language": "Python", "kind": "variable"}, {"_type": "tag", "name": "frontend_url", "path": "/home/kavia/workspace/code-generation/mongodb-performance-monitor-210576-210586/performance_monitor_backend/src/api/main.py", "pattern": "/^frontend_url = os.getenv(\"REACT_APP_FRONTEND_URL\")$/", "language": "Python", "kind": "variable"}, {"_type": "tag", "name": "openapi_tags", "path": "/home/kavia/workspace/code-generation/mongodb-performance-monitor-210576-210586/performance_monitor_backend/src/api/main.py", "pattern": "/^openapi_tags = [$/", "language": "Python", "kind": "variable"}], "hash": "efc06a5be145ef2a79c611aa03b54985", "format-version": 4, "code-base-name": "performance_monitor_backend", "filename": "performance_monitor_backend/src/api/main.py", "fields": [{"name": "List[str] allowed_origins", "scope": "", "scopeKind": "", "description": "unavailable"}, {"name": "app = FastAPI(", "scope": "", "scopeKind": "", "description": "unavailable"}, {"name": "frontend_url = os.getenv(\"REACT_APP_FRONTEND_URL\")", "scope": "", "scopeKind": "", "description": "unavailable"}, {"name": "openapi_tags = [", "scope": "", "scopeKind": "", "description": "unavailable"}]}