{"is_source_file": true, "format": "Python", "description": "This file defines data models and common utility functions for API schemas in a backend system. It includes Enum definitions for alert severity levels, Pydantic models for health and error responses, and a utility function to get the current UTC datetime.", "external_files": ["pydantic", "datetime", "enum", "typing"], "external_methods": ["datetime.now", "timezone.utc"], "published": ["Severity", "HealthResponse", "ErrorResponse", "utc_now"], "classes": [{"name": "Severity", "description": "Enum representing severity levels for alerts and recommendations."}, {"name": "HealthResponse", "description": "Schema for health check responses with status, message, and timestamp."}, {"name": "ErrorResponse", "description": "Schema for standard error responses including details, code, and metadata."}], "methods": [{"name": "datetime utc_now()", "description": "Utility function returning the current UTC datetime with timezone info.", "scope": "", "scopeKind": ""}], "calls": ["datetime.now", "timezone.utc"], "search-terms": ["pydantic schemas", "health response model", "error response model", "Severity enum", "UTC time utility"], "state": 2, "file_id": 5, "knowledge_revision": 12, "git_revision": "", "ctags": [{"_type": "tag", "name": "ErrorResponse", "path": "/home/kavia/workspace/code-generation/mongodb-performance-monitor-210576-210586/performance_monitor_backend/src/api/schemas/common.py", "pattern": "/^class ErrorResponse(BaseModel):$/", "language": "Python", "kind": "class"}, {"_type": "tag", "name": "HealthResponse", "path": "/home/kavia/workspace/code-generation/mongodb-performance-monitor-210576-210586/performance_monitor_backend/src/api/schemas/common.py", "pattern": "/^class HealthResponse(BaseModel):$/", "language": "Python", "kind": "class"}, {"_type": "tag", "name": "Severity", "path": "/home/kavia/workspace/code-generation/mongodb-performance-monitor-210576-210586/performance_monitor_backend/src/api/schemas/common.py", "pattern": "/^class Severity(str, Enum):$/", "language": "Python", "kind": "class"}, {"_type": "tag", "name": "code", "path": "/home/kavia/workspace/code-generation/mongodb-performance-monitor-210576-210586/performance_monitor_backend/src/api/schemas/common.py", "pattern": "/^    code: Optional[str] = Field(default=None, description=\"Optional machine-readable error code./", "language": "Python", "typeref": "typename:Optional[str]", "kind": "variable", "scope": "ErrorResponse", "scopeKind": "class"}, {"_type": "tag", "name": "critical", "path": "/home/kavia/workspace/code-generation/mongodb-performance-monitor-210576-210586/performance_monitor_backend/src/api/schemas/common.py", "pattern": "/^    critical = \"critical\"$/", "language": "Python", "kind": "variable", "scope": "Severity", "scopeKind": "class"}, {"_type": "tag", "name": "detail", "path": "/home/kavia/workspace/code-generation/mongodb-performance-monitor-210576-210586/performance_monitor_backend/src/api/schemas/common.py", "pattern": "/^    detail: str = Field(..., description=\"Human-readable error details.\")$/", "language": "Python", "typeref": "typename:str", "kind": "variable", "scope": "ErrorResponse", "scopeKind": "class"}, {"_type": "tag", "name": "info", "path": "/home/kavia/workspace/code-generation/mongodb-performance-monitor-210576-210586/performance_monitor_backend/src/api/schemas/common.py", "pattern": "/^    info = \"info\"$/", "language": "Python", "kind": "variable", "scope": "Severity", "scopeKind": "class"}, {"_type": "tag", "name": "message", "path": "/home/kavia/workspace/code-generation/mongodb-performance-monitor-210576-210586/performance_monitor_backend/src/api/schemas/common.py", "pattern": "/^    message: str = Field(..., description=\"Human-readable status message.\")$/", "language": "Python", "typeref": "typename:str", "kind": "variable", "scope": "HealthResponse", "scopeKind": "class"}, {"_type": "tag", "name": "meta", "path": "/home/kavia/workspace/code-generation/mongodb-performance-monitor-210576-210586/performance_monitor_backend/src/api/schemas/common.py", "pattern": "/^    meta: Dict[str, Any] = Field(default_factory=dict, description=\"Optional metadata for debugg/", "language": "Python", "typeref": "typename:Dict[str, Any]", "kind": "variable", "scope": "ErrorResponse", "scopeKind": "class"}, {"_type": "tag", "name": "status", "path": "/home/kavia/workspace/code-generation/mongodb-performance-monitor-210576-210586/performance_monitor_backend/src/api/schemas/common.py", "pattern": "/^    status: str = Field(..., description=\"High-level health status string (e.g., 'ok').\")$/", "language": "Python", "typeref": "typename:str", "kind": "variable", "scope": "HealthResponse", "scopeKind": "class"}, {"_type": "tag", "name": "timestamp", "path": "/home/kavia/workspace/code-generation/mongodb-performance-monitor-210576-210586/performance_monitor_backend/src/api/schemas/common.py", "pattern": "/^    timestamp: datetime = Field(..., description=\"UTC timestamp at time of response.\")$/", "language": "Python", "typeref": "typename:datetime", "kind": "variable", "scope": "HealthResponse", "scopeKind": "class"}, {"_type": "tag", "name": "utc_now", "path": "/home/kavia/workspace/code-generation/mongodb-performance-monitor-210576-210586/performance_monitor_backend/src/api/schemas/common.py", "pattern": "/^def utc_now() -> datetime:$/", "language": "Python", "typeref": "typename:datetime", "kind": "function", "signature": "()"}, {"_type": "tag", "name": "warning", "path": "/home/kavia/workspace/code-generation/mongodb-performance-monitor-210576-210586/performance_monitor_backend/src/api/schemas/common.py", "pattern": "/^    warning = \"warning\"$/", "language": "Python", "kind": "variable", "scope": "Severity", "scopeKind": "class"}], "hash": "6133ab9ade15143b4fd6481bc5944edf", "format-version": 4, "code-base-name": "performance_monitor_backend", "filename": "performance_monitor_backend/src/api/schemas/common.py", "fields": [{"name": "Optional[str] code", "scope": "ErrorResponse", "scopeKind": "class", "description": "unavailable"}, {"name": "critical = \"critical\"", "scope": "Severity", "scopeKind": "class", "description": "unavailable"}, {"name": "str detail", "scope": "ErrorResponse", "scopeKind": "class", "description": "unavailable"}, {"name": "info = \"info\"", "scope": "Severity", "scopeKind": "class", "description": "unavailable"}, {"name": "str message", "scope": "HealthResponse", "scopeKind": "class", "description": "unavailable"}, {"name": "Dict[str, Any] meta", "scope": "ErrorResponse", "scopeKind": "class", "description": "unavailable"}, {"name": "str status", "scope": "HealthResponse", "scopeKind": "class", "description": "unavailable"}, {"name": "datetime timestamp", "scope": "HealthResponse", "scopeKind": "class", "description": "unavailable"}, {"name": "warning = \"warning\"", "scope": "Severity", "scopeKind": "class", "description": "unavailable"}], "revision_history": [{"12": ""}]}