{"is_source_file": false, "format": "", "description": "", "external_files": [], "external_methods": [], "published": [], "classes": [], "methods": [], "calls": [], "search-terms": [], "state": 2, "file_id": 18, "knowledge_revision": 40, "git_revision": "5c1110a3ebc62d3d78963eacede0143bf7676821", "ctags": [], "hash": "76d8f662bbba43ed625afd825dce07bd", "format-version": 4, "code-base-name": "performance_monitor_backend", "filename": "performance_monitor_backend/src/api/routers/__init__.py", "revision_history": [{"40": "5c1110a3ebc62d3d78963eacede0143bf7676821"}]}