{"is_source_file": true, "format": "Python", "description": "This file provides services related to insights for a MongoDB performance monitoring backend. It includes functions to list alerts and recommendations, with stubbed data used for demonstration or testing purposes.", "external_files": ["src.api.schemas.common", "src.api.schemas.insights"], "external_methods": ["uuid4", "datetime.now", "timedelta"], "published": ["list_alerts", "list_recommendations"], "classes": [{"name": "Alert", "description": "Data model representing an alert about MongoDB performance or issues."}, {"name": "Recommendation", "description": "Data model representing a recommended action for improving MongoDB performance."}], "methods": [{"name": "datetime _now()", "description": "Returns the current UTC datetime.", "scope": "", "scopeKind": ""}, {"name": "List[Alert] list_alerts(instance_id: Optional[str] = None)", "scope": "", "scopeKind": "", "description": "unavailable"}, {"name": "List[Recommendation] list_recommendations(instance_id: Optional[str] = None)", "scope": "", "scopeKind": "", "description": "unavailable"}], "calls": ["uuid4()", "datetime.now()"], "search-terms": ["insights_service", "list_alerts", "list_recommendations", "performance_monitor_backend", "stubbed data", "alerts", "recommendations"], "state": 2, "file_id": 12, "knowledge_revision": 34, "git_revision": "5c1110a3ebc62d3d78963eacede0143bf7676821", "ctags": [{"_type": "tag", "name": "_now", "path": "/home/kavia/workspace/code-generation/mongodb-performance-monitor-210576-210586/performance_monitor_backend/src/api/services/insights_service.py", "pattern": "/^def _now() -> datetime:$/", "language": "Python", "typeref": "typename:datetime", "kind": "function", "signature": "()"}, {"_type": "tag", "name": "list_alerts", "path": "/home/kavia/workspace/code-generation/mongodb-performance-monitor-210576-210586/performance_monitor_backend/src/api/services/insights_service.py", "pattern": "/^def list_alerts(instance_id: Optional[str] = None) -> List[Alert]:$/", "language": "Python", "typeref": "typename:List[Alert]", "kind": "function", "signature": "(instance_id: Optional[str] = None)"}, {"_type": "tag", "name": "list_recommendations", "path": "/home/kavia/workspace/code-generation/mongodb-performance-monitor-210576-210586/performance_monitor_backend/src/api/services/insights_service.py", "pattern": "/^def list_recommendations(instance_id: Optional[str] = None) -> List[Recommendation]:$/", "language": "Python", "typeref": "typename:List[Recommendation]", "kind": "function", "signature": "(instance_id: Optional[str] = None)"}], "hash": "894a8e461a14d1d13d5905efb9a258c4", "format-version": 4, "code-base-name": "performance_monitor_backend", "filename": "performance_monitor_backend/src/api/services/insights_service.py", "revision_history": [{"34": "5c1110a3ebc62d3d78963eacede0143bf7676821"}]}