{"is_source_file": true, "format": "Python", "description": "This file defines data models (Pydantic schemas) related to MongoDB instances, including base models, create/update request schemas, response models, and list responses.", "external_files": ["pydantic", "datetime", "typing"], "external_methods": [], "published": ["InstanceBase", "InstanceCreate", "InstanceUpdate", "InstanceOut", "InstanceListResponse"], "classes": [{"name": "InstanceBase", "description": "Base fields for a MongoDB instance connection record."}, {"name": "InstanceCreate", "description": "Request body schema for creating a new MongoDB instance."}, {"name": "InstanceUpdate", "description": "Request body schema for updating an existing MongoDB instance."}, {"name": "InstanceOut", "description": "Response model representing a MongoDB instance with additional metadata."}, {"name": "InstanceListResponse", "description": "Schema for listing multiple instance records with total count."}], "methods": [], "calls": [], "search-terms": ["InstanceBase", "MongoDB schema", "performance_monitor_backend", "api schemas", "pydantic models", "instance creation", "instance update", "list response"], "state": 2, "file_id": 6, "knowledge_revision": 17, "git_revision": "5c1110a3ebc62d3d78963eacede0143bf7676821", "ctags": [{"_type": "tag", "name": "InstanceBase", "path": "/home/kavia/workspace/code-generation/mongodb-performance-monitor-210576-210586/performance_monitor_backend/src/api/schemas/instances.py", "pattern": "/^class InstanceBase(BaseModel):$/", "language": "Python", "kind": "class"}, {"_type": "tag", "name": "InstanceCreate", "path": "/home/kavia/workspace/code-generation/mongodb-performance-monitor-210576-210586/performance_monitor_backend/src/api/schemas/instances.py", "pattern": "/^class InstanceCreate(InstanceBase):$/", "language": "Python", "kind": "class"}, {"_type": "tag", "name": "InstanceListResponse", "path": "/home/kavia/workspace/code-generation/mongodb-performance-monitor-210576-210586/performance_monitor_backend/src/api/schemas/instances.py", "pattern": "/^class InstanceListResponse(BaseModel):$/", "language": "Python", "kind": "class"}, {"_type": "tag", "name": "InstanceOut", "path": "/home/kavia/workspace/code-generation/mongodb-performance-monitor-210576-210586/performance_monitor_backend/src/api/schemas/instances.py", "pattern": "/^class InstanceOut(InstanceBase):$/", "language": "Python", "kind": "class"}, {"_type": "tag", "name": "InstanceUpdate", "path": "/home/kavia/workspace/code-generation/mongodb-performance-monitor-210576-210586/performance_monitor_backend/src/api/schemas/instances.py", "pattern": "/^class InstanceUpdate(BaseModel):$/", "language": "Python", "kind": "class"}, {"_type": "tag", "name": "created_at", "path": "/home/kavia/workspace/code-generation/mongodb-performance-monitor-210576-210586/performance_monitor_backend/src/api/schemas/instances.py", "pattern": "/^    created_at: datetime = Field(..., description=\"UTC timestamp when instance was created.\")$/", "language": "Python", "typeref": "typename:datetime", "kind": "variable", "scope": "InstanceOut", "scopeKind": "class"}, {"_type": "tag", "name": "enabled", "path": "/home/kavia/workspace/code-generation/mongodb-performance-monitor-210576-210586/performance_monitor_backend/src/api/schemas/instances.py", "pattern": "/^    enabled: Optional[bool] = Field(default=None, description=\"Whether this instance is enabled /", "language": "Python", "typeref": "typename:Optional[bool]", "kind": "variable", "scope": "InstanceUpdate", "scopeKind": "class"}, {"_type": "tag", "name": "enabled", "path": "/home/kavia/workspace/code-generation/mongodb-performance-monitor-210576-210586/performance_monitor_backend/src/api/schemas/instances.py", "pattern": "/^    enabled: bool = Field(default=True, description=\"Whether this instance is enabled in monitor/", "language": "Python", "typeref": "typename:bool", "kind": "variable", "scope": "InstanceOut", "scopeKind": "class"}, {"_type": "tag", "name": "host", "path": "/home/kavia/workspace/code-generation/mongodb-performance-monitor-210576-210586/performance_monitor_backend/src/api/schemas/instances.py", "pattern": "/^    host: Optional[str] = Field(default=None, description=\"Hostname or IP address.\")$/", "language": "Python", "typeref": "typename:Optional[str]", "kind": "variable", "scope": "InstanceUpdate", "scopeKind": "class"}, {"_type": "tag", "name": "host", "path": "/home/kavia/workspace/code-generation/mongodb-performance-monitor-210576-210586/performance_monitor_backend/src/api/schemas/instances.py", "pattern": "/^    host: str = Field(..., description=\"Hostname or IP address of the MongoDB instance.\")$/", "language": "Python", "typeref": "typename:str", "kind": "variable", "scope": "InstanceBase", "scopeKind": "class"}, {"_type": "tag", "name": "id", "path": "/home/kavia/workspace/code-generation/mongodb-performance-monitor-210576-210586/performance_monitor_backend/src/api/schemas/instances.py", "pattern": "/^    id: str = Field(..., description=\"Stable instance identifier.\")$/", "language": "Python", "typeref": "typename:str", "kind": "variable", "scope": "InstanceOut", "scopeKind": "class"}, {"_type": "tag", "name": "items", "path": "/home/kavia/workspace/code-generation/mongodb-performance-monitor-210576-210586/performance_monitor_backend/src/api/schemas/instances.py", "pattern": "/^    items: List[InstanceOut] = Field(..., description=\"List of configured instances.\")$/", "language": "Python", "typeref": "typename:List[InstanceOut]", "kind": "variable", "scope": "InstanceListResponse", "scopeKind": "class"}, {"_type": "tag", "name": "name", "path": "/home/kavia/workspace/code-generation/mongodb-performance-monitor-210576-210586/performance_monitor_backend/src/api/schemas/instances.py", "pattern": "/^    name: Optional[str] = Field(default=None, description=\"Friendly display name for the instanc/", "language": "Python", "typeref": "typename:Optional[str]", "kind": "variable", "scope": "InstanceUpdate", "scopeKind": "class"}, {"_type": "tag", "name": "name", "path": "/home/kavia/workspace/code-generation/mongodb-performance-monitor-210576-210586/performance_monitor_backend/src/api/schemas/instances.py", "pattern": "/^    name: str = Field(..., description=\"Friendly display name for the instance.\")$/", "language": "Python", "typeref": "typename:str", "kind": "variable", "scope": "InstanceBase", "scopeKind": "class"}, {"_type": "tag", "name": "notes", "path": "/home/kavia/workspace/code-generation/mongodb-performance-monitor-210576-210586/performance_monitor_backend/src/api/schemas/instances.py", "pattern": "/^    notes: Optional[str] = Field(default=None, description=\"Optional notes shown in the UI.\")$/", "language": "Python", "typeref": "typename:Optional[str]", "kind": "variable", "scope": "InstanceBase", "scopeKind": "class"}, {"_type": "tag", "name": "notes", "path": "/home/kavia/workspace/code-generation/mongodb-performance-monitor-210576-210586/performance_monitor_backend/src/api/schemas/instances.py", "pattern": "/^    notes: Optional[str] = Field(default=None, description=\"Optional notes shown in the UI.\")$/", "language": "Python", "typeref": "typename:Optional[str]", "kind": "variable", "scope": "InstanceUpdate", "scopeKind": "class"}, {"_type": "tag", "name": "password", "path": "/home/kavia/workspace/code-generation/mongodb-performance-monitor-210576-210586/performance_monitor_backend/src/api/schemas/instances.py", "pattern": "/^    password: Optional[str] = Field($/", "language": "Python", "typeref": "typename:Optional[str]", "kind": "variable", "scope": "InstanceCreate", "scopeKind": "class"}, {"_type": "tag", "name": "password", "path": "/home/kavia/workspace/code-generation/mongodb-performance-monitor-210576-210586/performance_monitor_backend/src/api/schemas/instances.py", "pattern": "/^    password: Optional[str] = Field(default=None, description=\"Optional password. Stub only.\")$/", "language": "Python", "typeref": "typename:Optional[str]", "kind": "variable", "scope": "InstanceUpdate", "scopeKind": "class"}, {"_type": "tag", "name": "port", "path": "/home/kavia/workspace/code-generation/mongodb-performance-monitor-210576-210586/performance_monitor_backend/src/api/schemas/instances.py", "pattern": "/^    port: Optional[int] = Field(default=None, ge=1, le=65535, description=\"MongoDB port number.\"/", "language": "Python", "typeref": "typename:Optional[int]", "kind": "variable", "scope": "InstanceUpdate", "scopeKind": "class"}, {"_type": "tag", "name": "port", "path": "/home/kavia/workspace/code-generation/mongodb-performance-monitor-210576-210586/performance_monitor_backend/src/api/schemas/instances.py", "pattern": "/^    port: int = Field(27017, ge=1, le=65535, description=\"MongoDB port number.\")$/", "language": "Python", "typeref": "typename:int", "kind": "variable", "scope": "InstanceBase", "scopeKind": "class"}, {"_type": "tag", "name": "tls", "path": "/home/kavia/workspace/code-generation/mongodb-performance-monitor-210576-210586/performance_monitor_backend/src/api/schemas/instances.py", "pattern": "/^    tls: Optional[bool] = Field(default=None, description=\"Whether TLS is enabled.\")$/", "language": "Python", "typeref": "typename:Optional[bool]", "kind": "variable", "scope": "InstanceUpdate", "scopeKind": "class"}, {"_type": "tag", "name": "tls", "path": "/home/kavia/workspace/code-generation/mongodb-performance-monitor-210576-210586/performance_monitor_backend/src/api/schemas/instances.py", "pattern": "/^    tls: bool = Field(default=False, description=\"Whether TLS is enabled for this connection.\")$/", "language": "Python", "typeref": "typename:bool", "kind": "variable", "scope": "InstanceBase", "scopeKind": "class"}, {"_type": "tag", "name": "total", "path": "/home/kavia/workspace/code-generation/mongodb-performance-monitor-210576-210586/performance_monitor_backend/src/api/schemas/instances.py", "pattern": "/^    total: int = Field(..., ge=0, description=\"Total number of instances returned.\")$/", "language": "Python", "typeref": "typename:int", "kind": "variable", "scope": "InstanceListResponse", "scopeKind": "class"}, {"_type": "tag", "name": "updated_at", "path": "/home/kavia/workspace/code-generation/mongodb-performance-monitor-210576-210586/performance_monitor_backend/src/api/schemas/instances.py", "pattern": "/^    updated_at: datetime = Field(..., description=\"UTC timestamp when instance was last updated./", "language": "Python", "typeref": "typename:datetime", "kind": "variable", "scope": "InstanceOut", "scopeKind": "class"}, {"_type": "tag", "name": "username", "path": "/home/kavia/workspace/code-generation/mongodb-performance-monitor-210576-210586/performance_monitor_backend/src/api/schemas/instances.py", "pattern": "/^    username: Optional[str] = Field(default=None, description=\"Optional username for authenticat/", "language": "Python", "typeref": "typename:Optional[str]", "kind": "variable", "scope": "InstanceBase", "scopeKind": "class"}, {"_type": "tag", "name": "username", "path": "/home/kavia/workspace/code-generation/mongodb-performance-monitor-210576-210586/performance_monitor_backend/src/api/schemas/instances.py", "pattern": "/^    username: Optional[str] = Field(default=None, description=\"Optional username for authenticat/", "language": "Python", "typeref": "typename:Optional[str]", "kind": "variable", "scope": "InstanceUpdate", "scopeKind": "class"}], "hash": "6e1b1658d4cc80385ba3e7a647546af9", "format-version": 4, "code-base-name": "performance_monitor_backend", "filename": "performance_monitor_backend/src/api/schemas/instances.py", "fields": [{"name": "datetime created_at", "scope": "InstanceOut", "scopeKind": "class", "description": "unavailable"}, {"name": "Optional[bool] enabled", "scope": "InstanceUpdate", "scopeKind": "class", "description": "unavailable"}, {"name": "bool enabled", "scope": "InstanceOut", "scopeKind": "class", "description": "unavailable"}, {"name": "Optional[str] host", "scope": "InstanceUpdate", "scopeKind": "class", "description": "unavailable"}, {"name": "str host", "scope": "InstanceBase", "scopeKind": "class", "description": "unavailable"}, {"name": "str id", "scope": "InstanceOut", "scopeKind": "class", "description": "unavailable"}, {"name": "List[InstanceOut] items", "scope": "InstanceListResponse", "scopeKind": "class", "description": "unavailable"}, {"name": "Optional[str] name", "scope": "InstanceUpdate", "scopeKind": "class", "description": "unavailable"}, {"name": "str name", "scope": "InstanceBase", "scopeKind": "class", "description": "unavailable"}, {"name": "Optional[str] notes", "scope": "InstanceBase", "scopeKind": "class", "description": "unavailable"}, {"name": "Optional[str] password", "scope": "InstanceCreate", "scopeKind": "class", "description": "unavailable"}, {"name": "Optional[int] port", "scope": "InstanceUpdate", "scopeKind": "class", "description": "unavailable"}, {"name": "int port", "scope": "InstanceBase", "scopeKind": "class", "description": "unavailable"}, {"name": "Optional[bool] tls", "scope": "InstanceUpdate", "scopeKind": "class", "description": "unavailable"}, {"name": "bool tls", "scope": "InstanceBase", "scopeKind": "class", "description": "unavailable"}, {"name": "int total", "scope": "InstanceListResponse", "scopeKind": "class", "description": "unavailable"}, {"name": "datetime updated_at", "scope": "InstanceOut", "scopeKind": "class", "description": "unavailable"}, {"name": "Optional[str] username", "scope": "InstanceBase", "scopeKind": "class", "description": "unavailable"}], "revision_history": [{"17": "5c1110a3ebc62d3d78963eacede0143bf7676821"}]}