{"is_source_file": true, "format": "Python", "description": "This file defines an API router for alerts using FastAPI. It includes a single endpoint to list alerts, with optional filtering by instanceId, and uses schemas and services from the project.", "external_files": ["src/api.schemas.insights", "src.api.services"], "external_methods": ["insights_service.list_alerts"], "published": ["list_alerts"], "classes": [], "methods": [{"name": "AlertsResponse list_alerts(instance_id: Optional[str] = Query(default=None, alias=\"instanceId\"))", "description": "Handles GET requests to list current alerts, optionally filtered by instanceId.", "scope": "", "scopeKind": ""}], "calls": ["insights_service.list_alerts"], "search-terms": ["/home/kavia/workspace/code-generation/mongodb-performance-monitor-210576-210586/performance_monitor_backend/src/api/routers/alerts.py", "alerts", "APIRouter", "FastAPI", "list_alerts", "AlertsResponse"], "state": 2, "file_id": 16, "knowledge_revision": 38, "git_revision": "5c1110a3ebc62d3d78963eacede0143bf7676821", "ctags": [{"_type": "tag", "name": "list_alerts", "path": "/home/kavia/workspace/code-generation/mongodb-performance-monitor-210576-210586/performance_monitor_backend/src/api/routers/alerts.py", "pattern": "/^def list_alerts(instance_id: Optional[str] = Query(default=None, alias=\"instanceId\")) -> AlertsR/", "language": "Python", "typeref": "typename:AlertsResponse", "kind": "function", "signature": "(instance_id: Optional[str] = Query(default=None, alias=\"instanceId\"))"}, {"_type": "tag", "name": "router", "path": "/home/kavia/workspace/code-generation/mongodb-performance-monitor-210576-210586/performance_monitor_backend/src/api/routers/alerts.py", "pattern": "/^router = APIRouter(prefix=\"\\/api\\/alerts\", tags=[\"Alerts\"])$/", "language": "Python", "kind": "variable"}], "hash": "c6e44df85c1e15ca5d26723e2575d158", "format-version": 4, "code-base-name": "performance_monitor_backend", "filename": "performance_monitor_backend/src/api/routers/alerts.py", "fields": [{"name": "router = APIRouter(prefix=\"\\/api\\/alerts\", tags=[\"Alerts\"])", "scope": "", "scopeKind": "", "description": "unavailable"}], "revision_history": [{"38": "5c1110a3ebc62d3d78963eacede0143bf7676821"}]}