{"is_source_file": true, "format": "Python", "description": "This Python source file implements backend services for generating and managing performance-related recommendations for MongoDB instances. It includes functions to analyze metrics, suggest configuration adjustments such as connection pooling, indexing, and TTL indexes, and interface for persisting and retrieving recommendations within a FastAPI-based application.", "external_files": ["src.api.schemas.common", "src.api.schemas.insights", "src.api.state"], "external_methods": ["Severity.__init__", "utc_now", "get_state", "RecommendationOut", "RecommendationStatus", "RecommendationStatusUpdate"], "published": ["list_recommendations", "refresh_recommendations", "update_recommendation_status"], "classes": [], "methods": [{"name": "str _oid_str(oid: Any)", "description": "Converts an ObjectId or similar identifier to string, handling exceptions gracefully.", "scope": "", "scopeKind": ""}, {"name": "RecommendationOut _doc_to_out(doc: dict)", "description": "Transforms a MongoDB document into a RecommendationOut schema object for external use.", "scope": "", "scopeKind": ""}, {"name": "float _safe_float(v: Any, default: float = 0.0)", "description": "Safely converts a value to float, with a default fallback.", "scope": "", "scopeKind": ""}, {"name": "int _safe_int(v: Any, default: int = 0)", "description": "Safely converts a value to int, with a default fallback.", "scope": "", "scopeKind": ""}, {"name": "List[dict] _recent_metrics(request: Request, instance_id: str, limit: int = 60)", "description": "Retrieves recent metrics samples for a given instance, limited by a count.", "scope": "", "scopeKind": ""}, {"name": "Optional[dict] _latest_metrics(request: Request, instance_id: str)", "description": "Retrieves the latest metrics sample for a given instance.", "scope": "", "scopeKind": ""}, {"name": "int _load_default_ttl_days_from_config(request: Request)", "description": "Loads default TTL (Time-to-Live) configuration for collections, from environment or default value.", "scope": "", "scopeKind": ""}, {"name": "Optional[int] _target_pool_max_from_instance_doc(inst: dict)", "description": "Extracts the max pool size heuristic from instance metadata.", "scope": "", "scopeKind": ""}, {"name": "Optional[dict] _pool_recommendation(instance_id: str, inst: dict, latest: Optional[dict])", "description": "Generates a recommendation for connection pooling tuning based on current metrics.", "scope": "", "scopeKind": ""}, {"name": "dict _indexing_recommendation(instance_id: str, latest: Optional[dict], inst: dict)", "description": "Provides recommendations to analyze query latency and add indexes if necessary.", "scope": "", "scopeKind": ""}, {"name": "List[dict] _ttl_recommendations(instance_id: str, inst: dict, recent_samples: List[dict], default_ttl_days: int)", "description": "Suggests TTL indexes for collections that handle time-series data based on heuristics.", "scope": "", "scopeKind": ""}, {"name": "List[dict] _build_recommendations(request: Request, instance_id: str)", "description": "Aggregates various recommendations into a list for a specific instance.", "scope": "", "scopeKind": ""}, {"name": "List[RecommendationOut] _persist_recommendations(request: Request, recs: List[dict])", "description": "Stores generated recommendations into MongoDB and returns them as schemas.", "scope": "", "scopeKind": ""}, {"name": "List[RecommendationOut] list_recommendations(request: Request, instance_id: Optional[str], limit: Optional[int] = None)", "description": "Public API to list recent recommendations, optionally filtered by instance ID.", "scope": "", "scopeKind": ""}, {"name": "List[RecommendationOut] refresh_recommendations(request: Request, instance_id: str)", "description": "Public API to recompute and store new set of recommendations for a given instance.", "scope": "", "scopeKind": ""}, {"name": "Optional[RecommendationOut] update_recommendation_status( request: Request, rec_id: str, payload: RecommendationStatusUpdate )", "description": "Updates the status and notes of an existing recommendation identified by its ID.", "scope": "", "scopeKind": ""}], "calls": ["get_state(request.app)", "utc_now()", "RecommendationOut(...)", "RecommendationStatusUpdate(...)", "get_state(request.app).mongo.collections()", "RecommendationOut", "RecommendationStatus", "RecommendationStatusUpdate"], "search-terms": ["recommendations_service", "MongoDB performance", "connection pooling", "indexing heuristics", "TTL indexes", "recommendation generation", "MongoDB instance analysis", "performance heuristics"], "state": 2, "file_id": 25, "knowledge_revision": 64, "git_revision": "d21f925c1fc950dcc3050ff0205bcb57f4237af9", "ctags": [{"_type": "tag", "name": "_CONN_UTIL_CRITICAL", "path": "/home/kavia/workspace/code-generation/mongodb-performance-monitor-210576-210586/performance_monitor_backend/src/api/services/recommendations_service.py", "pattern": "/^_CONN_UTIL_CRITICAL = 0.95$/", "language": "Python", "kind": "variable"}, {"_type": "tag", "name": "_CONN_UTIL_WARNING", "path": "/home/kavia/workspace/code-generation/mongodb-performance-monitor-210576-210586/performance_monitor_backend/src/api/services/recommendations_service.py", "pattern": "/^_CONN_UTIL_WARNING = 0.80$/", "language": "Python", "kind": "variable"}, {"_type": "tag", "name": "_SLOW_QUERY_MS_CRITICAL", "path": "/home/kavia/workspace/code-generation/mongodb-performance-monitor-210576-210586/performance_monitor_backend/src/api/services/recommendations_service.py", "pattern": "/^_SLOW_QUERY_MS_CRITICAL = 200.0$/", "language": "Python", "kind": "variable"}, {"_type": "tag", "name": "_SLOW_QUERY_MS_WARNING", "path": "/home/kavia/workspace/code-generation/mongodb-performance-monitor-210576-210586/performance_monitor_backend/src/api/services/recommendations_service.py", "pattern": "/^_SLOW_QUERY_MS_WARNING = 50.0$/", "language": "Python", "kind": "variable"}, {"_type": "tag", "name": "_build_recommendations", "path": "/home/kavia/workspace/code-generation/mongodb-performance-monitor-210576-210586/performance_monitor_backend/src/api/services/recommendations_service.py", "pattern": "/^def _build_recommendations(request: Request, instance_id: str) -> List[dict]:$/", "language": "Python", "typeref": "typename:List[dict]", "kind": "function", "signature": "(request: Request, instance_id: str)"}, {"_type": "tag", "name": "_doc_to_out", "path": "/home/kavia/workspace/code-generation/mongodb-performance-monitor-210576-210586/performance_monitor_backend/src/api/services/recommendations_service.py", "pattern": "/^def _doc_to_out(doc: dict) -> RecommendationOut:$/", "language": "Python", "typeref": "typename:RecommendationOut", "kind": "function", "signature": "(doc: dict)"}, {"_type": "tag", "name": "_indexing_recommendation", "path": "/home/kavia/workspace/code-generation/mongodb-performance-monitor-210576-210586/performance_monitor_backend/src/api/services/recommendations_service.py", "pattern": "/^def _indexing_recommendation(instance_id: str, latest: Optional[dict], inst: dict) -> dict:$/", "language": "Python", "typeref": "typename:dict", "kind": "function", "signature": "(instance_id: str, latest: Optional[dict], inst: dict)"}, {"_type": "tag", "name": "_latest_metrics", "path": "/home/kavia/workspace/code-generation/mongodb-performance-monitor-210576-210586/performance_monitor_backend/src/api/services/recommendations_service.py", "pattern": "/^def _latest_metrics(request: Request, instance_id: str) -> Optional[dict]:$/", "language": "Python", "typeref": "typename:Optional[dict]", "kind": "function", "signature": "(request: Request, instance_id: str)"}, {"_type": "tag", "name": "_load_default_ttl_days_from_config", "path": "/home/kavia/workspace/code-generation/mongodb-performance-monitor-210576-210586/performance_monitor_backend/src/api/services/recommendations_service.py", "pattern": "/^def _load_default_ttl_days_from_config(request: Request) -> int:$/", "language": "Python", "typeref": "typename:int", "kind": "function", "signature": "(request: Request)"}, {"_type": "tag", "name": "_oid_str", "path": "/home/kavia/workspace/code-generation/mongodb-performance-monitor-210576-210586/performance_monitor_backend/src/api/services/recommendations_service.py", "pattern": "/^def _oid_str(oid: Any) -> str:$/", "language": "Python", "typeref": "typename:str", "kind": "function", "signature": "(oid: Any)"}, {"_type": "tag", "name": "_persist_recommendations", "path": "/home/kavia/workspace/code-generation/mongodb-performance-monitor-210576-210586/performance_monitor_backend/src/api/services/recommendations_service.py", "pattern": "/^def _persist_recommendations(request: Request, recs: List[dict]) -> List[RecommendationOut]:$/", "language": "Python", "typeref": "typename:List[RecommendationOut]", "kind": "function", "signature": "(request: Request, recs: List[dict])"}, {"_type": "tag", "name": "_pool_recommendation", "path": "/home/kavia/workspace/code-generation/mongodb-performance-monitor-210576-210586/performance_monitor_backend/src/api/services/recommendations_service.py", "pattern": "/^def _pool_recommendation(instance_id: str, inst: dict, latest: Optional[dict]) -> Optional[dict]/", "language": "Python", "typeref": "typename:Optional[dict]", "kind": "function", "signature": "(instance_id: str, inst: dict, latest: Optional[dict])"}, {"_type": "tag", "name": "_recent_metrics", "path": "/home/kavia/workspace/code-generation/mongodb-performance-monitor-210576-210586/performance_monitor_backend/src/api/services/recommendations_service.py", "pattern": "/^def _recent_metrics(request: Request, instance_id: str, limit: int = 60) -> List[dict]:$/", "language": "Python", "typeref": "typename:List[dict]", "kind": "function", "signature": "(request: Request, instance_id: str, limit: int = 60)"}, {"_type": "tag", "name": "_safe_float", "path": "/home/kavia/workspace/code-generation/mongodb-performance-monitor-210576-210586/performance_monitor_backend/src/api/services/recommendations_service.py", "pattern": "/^def _safe_float(v: Any, default: float = 0.0) -> float:$/", "language": "Python", "typeref": "typename:float", "kind": "function", "signature": "(v: Any, default: float = 0.0)"}, {"_type": "tag", "name": "_safe_int", "path": "/home/kavia/workspace/code-generation/mongodb-performance-monitor-210576-210586/performance_monitor_backend/src/api/services/recommendations_service.py", "pattern": "/^def _safe_int(v: Any, default: int = 0) -> int:$/", "language": "Python", "typeref": "typename:int", "kind": "function", "signature": "(v: Any, default: int = 0)"}, {"_type": "tag", "name": "_target_pool_max_from_instance_doc", "path": "/home/kavia/workspace/code-generation/mongodb-performance-monitor-210576-210586/performance_monitor_backend/src/api/services/recommendations_service.py", "pattern": "/^def _target_pool_max_from_instance_doc(inst: dict) -> Optional[int]:$/", "language": "Python", "typeref": "typename:Optional[int]", "kind": "function", "signature": "(inst: dict)"}, {"_type": "tag", "name": "_ttl_recommendations", "path": "/home/kavia/workspace/code-generation/mongodb-performance-monitor-210576-210586/performance_monitor_backend/src/api/services/recommendations_service.py", "pattern": "/^def _ttl_recommendations(instance_id: str, inst: dict, recent_samples: List[dict], default_ttl_d/", "language": "Python", "typeref": "typename:List[dict]", "kind": "function", "signature": "(instance_id: str, inst: dict, recent_samples: List[dict], default_ttl_days: int)"}, {"_type": "tag", "name": "list_recommendations", "path": "/home/kavia/workspace/code-generation/mongodb-performance-monitor-210576-210586/performance_monitor_backend/src/api/services/recommendations_service.py", "pattern": "/^def list_recommendations(request: Request, instance_id: Optional[str], limit: Optional[int] = No/", "language": "Python", "typeref": "typename:List[RecommendationOut]", "kind": "function", "signature": "(request: Request, instance_id: Optional[str], limit: Optional[int] = None)"}, {"_type": "tag", "name": "logger", "path": "/home/kavia/workspace/code-generation/mongodb-performance-monitor-210576-210586/performance_monitor_backend/src/api/services/recommendations_service.py", "pattern": "/^logger = logging.getLogger(__name__)$/", "language": "Python", "kind": "variable"}, {"_type": "tag", "name": "refresh_recommendations", "path": "/home/kavia/workspace/code-generation/mongodb-performance-monitor-210576-210586/performance_monitor_backend/src/api/services/recommendations_service.py", "pattern": "/^def refresh_recommendations(request: Request, instance_id: str) -> List[RecommendationOut]:$/", "language": "Python", "typeref": "typename:List[RecommendationOut]", "kind": "function", "signature": "(request: Request, instance_id: str)"}, {"_type": "tag", "name": "update_recommendation_status", "path": "/home/kavia/workspace/code-generation/mongodb-performance-monitor-210576-210586/performance_monitor_backend/src/api/services/recommendations_service.py", "pattern": "/^def update_recommendation_status($/", "language": "Python", "typeref": "typename:Optional[RecommendationOut]", "kind": "function", "signature": "( request: Request, rec_id: str, payload: RecommendationStatusUpdate )"}], "hash": "b96a3db2efa3791464af2e71edc054b8", "format-version": 4, "code-base-name": "performance_monitor_backend", "filename": "performance_monitor_backend/src/api/services/recommendations_service.py", "fields": [{"name": "_CONN_UTIL_CRITICAL = 0.95", "scope": "", "scopeKind": "", "description": "unavailable"}, {"name": "_CONN_UTIL_WARNING = 0.80", "scope": "", "scopeKind": "", "description": "unavailable"}, {"name": "_SLOW_QUERY_MS_CRITICAL = 200.0", "scope": "", "scopeKind": "", "description": "unavailable"}, {"name": "_SLOW_QUERY_MS_WARNING = 50.0", "scope": "", "scopeKind": "", "description": "unavailable"}, {"name": "logger = logging.getLogger(__name__)", "scope": "", "scopeKind": "", "description": "unavailable"}], "revision_history": [{"64": "d21f925c1fc950dcc3050ff0205bcb57f4237af9"}]}