{"is_source_file": true, "format": "Python", "description": "This file defines Pydantic models for various API data schemas related to alerts and recommendations in a performance monitoring backend, including alert structures, recommendation details, and their responses.", "external_files": ["src.api.schemas.common"], "external_methods": [], "published": ["Alert", "AlertsResponse", "Recommendation", "RecommendationType", "RecommendationStatus", "RecommendationOut", "RecommendationStatusUpdate", "RecommendationsResponse"], "classes": [{"name": "Alert", "description": "Model representing an alert with fields like id, title, description, severity, creation time, and acknowledgment status."}, {"name": "AlertsResponse", "description": "Response envelope containing a list of Alert objects and total count."}, {"name": "Recommendation", "description": "Legacy recommendation model containing id, optional instance id, title, rationale, severity, action items, and creation timestamp."}, {"name": "RecommendationOut", "description": "Detailed persisted recommendation data transfer object, including type, status, suggested action, and metadata."}, {"name": "RecommendationStatusUpdate", "description": "Request schema for updating the status of a recommendation, including new status and optional notes."}, {"name": "RecommendationsResponse", "description": "Response envelope containing a list of RecommendationOut objects and total count."}], "methods": [], "calls": [], "search-terms": ["alerts", "recommendations", "RecommendationOut", "Alert model", "API schemas", "performance_monitor_backend"], "state": 2, "file_id": 8, "knowledge_revision": 60, "git_revision": "d21f925c1fc950dcc3050ff0205bcb57f4237af9", "revision_history": [{"30": "5c1110a3ebc62d3d78963eacede0143bf7676821"}, {"60": "d21f925c1fc950dcc3050ff0205bcb57f4237af9"}], "ctags": [{"_type": "tag", "name": "Alert", "path": "/home/kavia/workspace/code-generation/mongodb-performance-monitor-210576-210586/performance_monitor_backend/src/api/schemas/insights.py", "pattern": "/^class Alert(BaseModel):$/", "language": "Python", "kind": "class"}, {"_type": "tag", "name": "AlertsResponse", "path": "/home/kavia/workspace/code-generation/mongodb-performance-monitor-210576-210586/performance_monitor_backend/src/api/schemas/insights.py", "pattern": "/^class AlertsResponse(BaseModel):$/", "language": "Python", "kind": "class"}, {"_type": "tag", "name": "Recommendation", "path": "/home/kavia/workspace/code-generation/mongodb-performance-monitor-210576-210586/performance_monitor_backend/src/api/schemas/insights.py", "pattern": "/^class Recommendation(BaseModel):$/", "language": "Python", "kind": "class"}, {"_type": "tag", "name": "RecommendationOut", "path": "/home/kavia/workspace/code-generation/mongodb-performance-monitor-210576-210586/performance_monitor_backend/src/api/schemas/insights.py", "pattern": "/^class RecommendationOut(BaseModel):$/", "language": "Python", "kind": "class"}, {"_type": "tag", "name": "RecommendationStatus", "path": "/home/kavia/workspace/code-generation/mongodb-performance-monitor-210576-210586/performance_monitor_backend/src/api/schemas/insights.py", "pattern": "/^RecommendationStatus = Literal[\"open\", \"applied\", \"dismissed\"]$/", "language": "Python", "kind": "variable"}, {"_type": "tag", "name": "RecommendationStatusUpdate", "path": "/home/kavia/workspace/code-generation/mongodb-performance-monitor-210576-210586/performance_monitor_backend/src/api/schemas/insights.py", "pattern": "/^class RecommendationStatusUpdate(BaseModel):$/", "language": "Python", "kind": "class"}, {"_type": "tag", "name": "RecommendationType", "path": "/home/kavia/workspace/code-generation/mongodb-performance-monitor-210576-210586/performance_monitor_backend/src/api/schemas/insights.py", "pattern": "/^RecommendationType = Literal[\"indexing\", \"pooling\", \"ttl\"]$/", "language": "Python", "kind": "variable"}, {"_type": "tag", "name": "RecommendationsResponse", "path": "/home/kavia/workspace/code-generation/mongodb-performance-monitor-210576-210586/performance_monitor_backend/src/api/schemas/insights.py", "pattern": "/^class RecommendationsResponse(BaseModel):$/", "language": "Python", "kind": "class"}, {"_type": "tag", "name": "acknowledged", "path": "/home/kavia/workspace/code-generation/mongodb-performance-monitor-210576-210586/performance_monitor_backend/src/api/schemas/insights.py", "pattern": "/^    acknowledged: bool = Field(default=False, description=\"Whether the alert has been acknowledg/", "language": "Python", "typeref": "typename:bool", "kind": "variable", "scope": "Alert", "scopeKind": "class"}, {"_type": "tag", "name": "action_items", "path": "/home/kavia/workspace/code-generation/mongodb-performance-monitor-210576-210586/performance_monitor_backend/src/api/schemas/insights.py", "pattern": "/^    action_items: List[str] = Field(default_factory=list, description=\"Bulleted list of action i/", "language": "Python", "typeref": "typename:List[str]", "kind": "variable", "scope": "Recommendation", "scopeKind": "class"}, {"_type": "tag", "name": "created_at", "path": "/home/kavia/workspace/code-generation/mongodb-performance-monitor-210576-210586/performance_monitor_backend/src/api/schemas/insights.py", "pattern": "/^    created_at: datetime = Field(..., description=\"UTC timestamp when recommendation was generat/", "language": "Python", "typeref": "typename:datetime", "kind": "variable", "scope": "Recommendation", "scopeKind": "class"}, {"_type": "tag", "name": "created_at", "path": "/home/kavia/workspace/code-generation/mongodb-performance-monitor-210576-210586/performance_monitor_backend/src/api/schemas/insights.py", "pattern": "/^    created_at: datetime = Field(..., description=\"UTC timestamp when recommendation was generat/", "language": "Python", "typeref": "typename:datetime", "kind": "variable", "scope": "RecommendationOut", "scopeKind": "class"}, {"_type": "tag", "name": "created_at", "path": "/home/kavia/workspace/code-generation/mongodb-performance-monitor-210576-210586/performance_monitor_backend/src/api/schemas/insights.py", "pattern": "/^    created_at: datetime = Field(..., description=\"UTC timestamp when the alert was created.\")$/", "language": "Python", "typeref": "typename:datetime", "kind": "variable", "scope": "Alert", "scopeKind": "class"}, {"_type": "tag", "name": "description", "path": "/home/kavia/workspace/code-generation/mongodb-performance-monitor-210576-210586/performance_monitor_backend/src/api/schemas/insights.py", "pattern": "/^    description: str = Field(..., description=\"Detailed alert description.\")$/", "language": "Python", "typeref": "typename:str", "kind": "variable", "scope": "Alert", "scopeKind": "class"}, {"_type": "tag", "name": "description", "path": "/home/kavia/workspace/code-generation/mongodb-performance-monitor-210576-210586/performance_monitor_backend/src/api/schemas/insights.py", "pattern": "/^    description: str = Field(..., description=\"Detailed recommendation description.\")$/", "language": "Python", "typeref": "typename:str", "kind": "variable", "scope": "RecommendationOut", "scopeKind": "class"}, {"_type": "tag", "name": "id", "path": "/home/kavia/workspace/code-generation/mongodb-performance-monitor-210576-210586/performance_monitor_backend/src/api/schemas/insights.py", "pattern": "/^    id: str = Field(..., description=\"Alert identifier.\")$/", "language": "Python", "typeref": "typename:str", "kind": "variable", "scope": "Alert", "scopeKind": "class"}, {"_type": "tag", "name": "id", "path": "/home/kavia/workspace/code-generation/mongodb-performance-monitor-210576-210586/performance_monitor_backend/src/api/schemas/insights.py", "pattern": "/^    id: str = Field(..., description=\"Recommendation identifier.\")$/", "language": "Python", "typeref": "typename:str", "kind": "variable", "scope": "Recommendation", "scopeKind": "class"}, {"_type": "tag", "name": "id", "path": "/home/kavia/workspace/code-generation/mongodb-performance-monitor-210576-210586/performance_monitor_backend/src/api/schemas/insights.py", "pattern": "/^    id: str = Field(..., description=\"Recommendation identifier.\")$/", "language": "Python", "typeref": "typename:str", "kind": "variable", "scope": "RecommendationOut", "scopeKind": "class"}, {"_type": "tag", "name": "instance_id", "path": "/home/kavia/workspace/code-generation/mongodb-performance-monitor-210576-210586/performance_monitor_backend/src/api/schemas/insights.py", "pattern": "/^    instance_id: Optional[str] = Field($/", "language": "Python", "typeref": "typename:Optional[str]", "kind": "variable", "scope": "Recommendation", "scopeKind": "class"}, {"_type": "tag", "name": "instance_id", "path": "/home/kavia/workspace/code-generation/mongodb-performance-monitor-210576-210586/performance_monitor_backend/src/api/schemas/insights.py", "pattern": "/^    instance_id: Optional[str] = Field($/", "language": "Python", "typeref": "typename:Optional[str]", "kind": "variable", "scope": "RecommendationOut", "scopeKind": "class"}, {"_type": "tag", "name": "instance_id", "path": "/home/kavia/workspace/code-generation/mongodb-performance-monitor-210576-210586/performance_monitor_backend/src/api/schemas/insights.py", "pattern": "/^    instance_id: str = Field(..., description=\"Instance ID this alert applies to.\")$/", "language": "Python", "typeref": "typename:str", "kind": "variable", "scope": "Alert", "scopeKind": "class"}, {"_type": "tag", "name": "items", "path": "/home/kavia/workspace/code-generation/mongodb-performance-monitor-210576-210586/performance_monitor_backend/src/api/schemas/insights.py", "pattern": "/^    items: List[Alert] = Field(..., description=\"List of current alerts.\")$/", "language": "Python", "typeref": "typename:List[Alert]", "kind": "variable", "scope": "AlertsResponse", "scopeKind": "class"}, {"_type": "tag", "name": "items", "path": "/home/kavia/workspace/code-generation/mongodb-performance-monitor-210576-210586/performance_monitor_backend/src/api/schemas/insights.py", "pattern": "/^    items: List[RecommendationOut] = Field(..., description=\"List of recommendations.\")$/", "language": "Python", "typeref": "typename:List[RecommendationOut]", "kind": "variable", "scope": "RecommendationsResponse", "scopeKind": "class"}, {"_type": "tag", "name": "metadata", "path": "/home/kavia/workspace/code-generation/mongodb-performance-monitor-210576-210586/performance_monitor_backend/src/api/schemas/insights.py", "pattern": "/^    metadata: Dict[str, Any] = Field(default_factory=dict, description=\"Optional structured meta/", "language": "Python", "typeref": "typename:Dict[str, Any]", "kind": "variable", "scope": "RecommendationOut", "scopeKind": "class"}, {"_type": "tag", "name": "notes", "path": "/home/kavia/workspace/code-generation/mongodb-performance-monitor-210576-210586/performance_monitor_backend/src/api/schemas/insights.py", "pattern": "/^    notes: Optional[str] = Field(default=None, description=\"Optional notes for this recommendati/", "language": "Python", "typeref": "typename:Optional[str]", "kind": "variable", "scope": "RecommendationStatusUpdate", "scopeKind": "class"}, {"_type": "tag", "name": "notes", "path": "/home/kavia/workspace/code-generation/mongodb-performance-monitor-210576-210586/performance_monitor_backend/src/api/schemas/insights.py", "pattern": "/^    notes: Optional[str] = Field(default=None, description=\"Optional user notes when applying\\/d/", "language": "Python", "typeref": "typename:Optional[str]", "kind": "variable", "scope": "RecommendationOut", "scopeKind": "class"}, {"_type": "tag", "name": "rationale", "path": "/home/kavia/workspace/code-generation/mongodb-performance-monitor-210576-210586/performance_monitor_backend/src/api/schemas/insights.py", "pattern": "/^    rationale: str = Field(..., description=\"Why this recommendation is suggested.\")$/", "language": "Python", "typeref": "typename:str", "kind": "variable", "scope": "Recommendation", "scopeKind": "class"}, {"_type": "tag", "name": "severity", "path": "/home/kavia/workspace/code-generation/mongodb-performance-monitor-210576-210586/performance_monitor_backend/src/api/schemas/insights.py", "pattern": "/^    severity: Severity = Field(..., description=\"Alert severity.\")$/", "language": "Python", "typeref": "typename:Severity", "kind": "variable", "scope": "Alert", "scopeKind": "class"}, {"_type": "tag", "name": "severity", "path": "/home/kavia/workspace/code-generation/mongodb-performance-monitor-210576-210586/performance_monitor_backend/src/api/schemas/insights.py", "pattern": "/^    severity: Severity = Field(..., description=\"Recommendation severity.\")$/", "language": "Python", "typeref": "typename:Severity", "kind": "variable", "scope": "Recommendation", "scopeKind": "class"}, {"_type": "tag", "name": "severity", "path": "/home/kavia/workspace/code-generation/mongodb-performance-monitor-210576-210586/performance_monitor_backend/src/api/schemas/insights.py", "pattern": "/^    severity: Severity = Field(..., description=\"Recommendation severity.\")$/", "language": "Python", "typeref": "typename:Severity", "kind": "variable", "scope": "RecommendationOut", "scopeKind": "class"}, {"_type": "tag", "name": "status", "path": "/home/kavia/workspace/code-generation/mongodb-performance-monitor-210576-210586/performance_monitor_backend/src/api/schemas/insights.py", "pattern": "/^    status: RecommendationStatus = Field(..., description=\"New status (applied|dismissed|open).\"/", "language": "Python", "typeref": "typename:RecommendationStatus", "kind": "variable", "scope": "RecommendationStatusUpdate", "scopeKind": "class"}, {"_type": "tag", "name": "status", "path": "/home/kavia/workspace/code-generation/mongodb-performance-monitor-210576-210586/performance_monitor_backend/src/api/schemas/insights.py", "pattern": "/^    status: RecommendationStatus = Field(..., description=\"Workflow status for this recommendati/", "language": "Python", "typeref": "typename:RecommendationStatus", "kind": "variable", "scope": "RecommendationOut", "scopeKind": "class"}, {"_type": "tag", "name": "suggested_action", "path": "/home/kavia/workspace/code-generation/mongodb-performance-monitor-210576-210586/performance_monitor_backend/src/api/schemas/insights.py", "pattern": "/^    suggested_action: str = Field(..., description=\"Concrete action the user can take.\")$/", "language": "Python", "typeref": "typename:str", "kind": "variable", "scope": "RecommendationOut", "scopeKind": "class"}, {"_type": "tag", "name": "title", "path": "/home/kavia/workspace/code-generation/mongodb-performance-monitor-210576-210586/performance_monitor_backend/src/api/schemas/insights.py", "pattern": "/^    title: str = Field(..., description=\"Short alert title.\")$/", "language": "Python", "typeref": "typename:str", "kind": "variable", "scope": "Alert", "scopeKind": "class"}, {"_type": "tag", "name": "title", "path": "/home/kavia/workspace/code-generation/mongodb-performance-monitor-210576-210586/performance_monitor_backend/src/api/schemas/insights.py", "pattern": "/^    title: str = Field(..., description=\"Short recommendation title.\")$/", "language": "Python", "typeref": "typename:str", "kind": "variable", "scope": "Recommendation", "scopeKind": "class"}, {"_type": "tag", "name": "title", "path": "/home/kavia/workspace/code-generation/mongodb-performance-monitor-210576-210586/performance_monitor_backend/src/api/schemas/insights.py", "pattern": "/^    title: str = Field(..., description=\"Short recommendation title.\")$/", "language": "Python", "typeref": "typename:str", "kind": "variable", "scope": "RecommendationOut", "scopeKind": "class"}, {"_type": "tag", "name": "total", "path": "/home/kavia/workspace/code-generation/mongodb-performance-monitor-210576-210586/performance_monitor_backend/src/api/schemas/insights.py", "pattern": "/^    total: int = Field(..., ge=0, description=\"Total count of alerts returned.\")$/", "language": "Python", "typeref": "typename:int", "kind": "variable", "scope": "AlertsResponse", "scopeKind": "class"}, {"_type": "tag", "name": "total", "path": "/home/kavia/workspace/code-generation/mongodb-performance-monitor-210576-210586/performance_monitor_backend/src/api/schemas/insights.py", "pattern": "/^    total: int = Field(..., ge=0, description=\"Total count of recommendations returned.\")$/", "language": "Python", "typeref": "typename:int", "kind": "variable", "scope": "RecommendationsResponse", "scopeKind": "class"}, {"_type": "tag", "name": "type", "path": "/home/kavia/workspace/code-generation/mongodb-performance-monitor-210576-210586/performance_monitor_backend/src/api/schemas/insights.py", "pattern": "/^    type: RecommendationType = Field(..., description=\"Recommendation type\\/category.\")$/", "language": "Python", "typeref": "typename:RecommendationType", "kind": "variable", "scope": "RecommendationOut", "scopeKind": "class"}], "hash": "3e997553324398c1c2cc4ffc6ceb6999", "format-version": 4, "code-base-name": "performance_monitor_backend", "filename": "performance_monitor_backend/src/api/schemas/insights.py", "fields": [{"name": "RecommendationStatus = Literal[\"open\", \"applied\", \"dismissed\"]", "scope": "", "scopeKind": "", "description": "unavailable"}, {"name": "RecommendationType = Literal[\"indexing\", \"pooling\", \"ttl\"]", "scope": "", "scopeKind": "", "description": "unavailable"}, {"name": "bool acknowledged", "scope": "Alert", "scopeKind": "class", "description": "unavailable"}, {"name": "List[str] action_items", "scope": "Recommendation", "scopeKind": "class", "description": "unavailable"}, {"name": "datetime created_at", "scope": "Recommendation", "scopeKind": "class", "description": "unavailable"}, {"name": "str description", "scope": "Alert", "scopeKind": "class", "description": "unavailable"}, {"name": "str id", "scope": "Alert", "scopeKind": "class", "description": "unavailable"}, {"name": "Optional[str] instance_id", "scope": "Recommendation", "scopeKind": "class", "description": "unavailable"}, {"name": "str instance_id", "scope": "Alert", "scopeKind": "class", "description": "unavailable"}, {"name": "List[Alert] items", "scope": "AlertsResponse", "scopeKind": "class", "description": "unavailable"}, {"name": "List[RecommendationOut] items", "scope": "RecommendationsResponse", "scopeKind": "class", "description": "unavailable"}, {"name": "Dict[str, Any] metadata", "scope": "RecommendationOut", "scopeKind": "class", "description": "unavailable"}, {"name": "Optional[str] notes", "scope": "RecommendationStatusUpdate", "scopeKind": "class", "description": "unavailable"}, {"name": "str rationale", "scope": "Recommendation", "scopeKind": "class", "description": "unavailable"}, {"name": "Severity severity", "scope": "Alert", "scopeKind": "class", "description": "unavailable"}, {"name": "RecommendationStatus status", "scope": "RecommendationStatusUpdate", "scopeKind": "class", "description": "unavailable"}, {"name": "str suggested_action", "scope": "RecommendationOut", "scopeKind": "class", "description": "unavailable"}, {"name": "str title", "scope": "Alert", "scopeKind": "class", "description": "unavailable"}, {"name": "int total", "scope": "AlertsResponse", "scopeKind": "class", "description": "unavailable"}, {"name": "RecommendationType type", "scope": "RecommendationOut", "scopeKind": "class", "description": "unavailable"}]}