{"is_source_file": true, "format": "Python", "description": "This file defines API route handlers for managing MongoDB instances within a FastAPI application. It includes endpoints for listing, creating, retrieving, updating, and deleting instances, and references external schemas, services, and FastAPI components.", "external_files": ["src/api/schemas/common.py", "src/api/schemas/instances.py", "src/api/services/instances_service.py"], "external_methods": ["instances_service.list_instances", "instances_service.create_instance", "instances_service.get_instance", "instances_service.update_instance", "instances_service.delete_instance"], "published": ["list_instances", "create_instance", "get_instance", "update_instance", "delete_instance"], "classes": [], "methods": [{"name": "InstanceListResponse list_instances(request: Request)", "description": "Handles GET requests to list all configured MongoDB instances in memory.", "scope": "", "scopeKind": ""}, {"name": "InstanceOut create_instance(request: Request, payload: InstanceCreate)", "description": "Handles POST requests to create a new MongoDB instance configuration.", "scope": "", "scopeKind": ""}, {"name": "InstanceOut get_instance(request: Request, instance_id: str = Path(..., description=\"Instance identifier\"))", "description": "Handles GET requests to fetch details of a single instance by ID.", "scope": "", "scopeKind": ""}, {"name": "InstanceOut update_instance( request: Request, payload: InstanceUpdate, instance_id: str = Path(..., description=\"Instance identifier\"), )", "description": "Handles PUT requests to update an existing instance by ID.", "scope": "", "scopeKind": ""}, {"name": "None delete_instance(request: Request, instance_id: str = Path(..., description=\"Instance identifier\"))", "description": "Handles DELETE requests to remove an instance by ID.", "scope": "", "scopeKind": ""}], "calls": ["instances_service.list_instances", "instances_service.create_instance", "instances_service.get_instance", "instances_service.update_instance", "instances_service.delete_instance"], "search-terms": ["FastAPI routers", "instance management APIs", "MongoDB instance CRUD", "instances_service", "instances endpoint handlers"], "state": 2, "file_id": 14, "knowledge_revision": 49, "git_revision": "ac108bb99020dc67cfe8a133c3fe05fd9ce788f5", "revision_history": [{"36": "5c1110a3ebc62d3d78963eacede0143bf7676821"}, {"49": "ac108bb99020dc67cfe8a133c3fe05fd9ce788f5"}], "ctags": [{"_type": "tag", "name": "create_instance", "path": "/home/kavia/workspace/code-generation/mongodb-performance-monitor-210576-210586/performance_monitor_backend/src/api/routers/instances.py", "pattern": "/^def create_instance(request: Request, payload: InstanceCreate) -> InstanceOut:$/", "language": "Python", "typeref": "typename:InstanceOut", "kind": "function", "signature": "(request: Request, payload: InstanceCreate)"}, {"_type": "tag", "name": "delete_instance", "path": "/home/kavia/workspace/code-generation/mongodb-performance-monitor-210576-210586/performance_monitor_backend/src/api/routers/instances.py", "pattern": "/^def delete_instance(request: Request, instance_id: str = Path(..., description=\"Instance identif/", "language": "Python", "typeref": "typename:None", "kind": "function", "signature": "(request: Request, instance_id: str = Path(..., description=\"Instance identifier\"))"}, {"_type": "tag", "name": "get_instance", "path": "/home/kavia/workspace/code-generation/mongodb-performance-monitor-210576-210586/performance_monitor_backend/src/api/routers/instances.py", "pattern": "/^def get_instance(request: Request, instance_id: str = Path(..., description=\"Instance identifier/", "language": "Python", "typeref": "typename:InstanceOut", "kind": "function", "signature": "(request: Request, instance_id: str = Path(..., description=\"Instance identifier\"))"}, {"_type": "tag", "name": "list_instances", "path": "/home/kavia/workspace/code-generation/mongodb-performance-monitor-210576-210586/performance_monitor_backend/src/api/routers/instances.py", "pattern": "/^def list_instances(request: Request) -> InstanceListResponse:$/", "language": "Python", "typeref": "typename:InstanceListResponse", "kind": "function", "signature": "(request: Request)"}, {"_type": "tag", "name": "router", "path": "/home/kavia/workspace/code-generation/mongodb-performance-monitor-210576-210586/performance_monitor_backend/src/api/routers/instances.py", "pattern": "/^router = APIRouter(prefix=\"\\/api\\/instances\", tags=[\"Instances\"])$/", "language": "Python", "kind": "variable"}, {"_type": "tag", "name": "update_instance", "path": "/home/kavia/workspace/code-generation/mongodb-performance-monitor-210576-210586/performance_monitor_backend/src/api/routers/instances.py", "pattern": "/^def update_instance($/", "language": "Python", "typeref": "typename:InstanceOut", "kind": "function", "signature": "( request: Request, payload: InstanceUpdate, instance_id: str = Path(..., description=\"Instance identifier\"), )"}], "hash": "80a7dad3a41e3868c4074e2e17d41d17", "format-version": 4, "code-base-name": "performance_monitor_backend", "filename": "performance_monitor_backend/src/api/routers/instances.py", "fields": [{"name": "router = APIRouter(prefix=\"\\/api\\/instances\", tags=[\"Instances\"])", "scope": "", "scopeKind": "", "description": "unavailable"}]}