{"is_source_file": true, "format": "Python", "description": "This file defines a FastAPI health check endpoint that returns the health status of the service.", "external_files": ["src/api/schemas/common"], "external_methods": ["src.api.schemas.common.utc_now"], "published": ["router"], "classes": [], "methods": [{"name": "HealthResponse health_check()", "description": "Returns the service liveness status with a timestamp.", "scope": "", "scopeKind": ""}], "calls": ["HealthResponse", "utc_now"], "search-terms": ["FastAPI", "health check", "APIRouter", "HealthResponse", "health_check"], "state": 2, "file_id": 13, "knowledge_revision": 35, "git_revision": "5c1110a3ebc62d3d78963eacede0143bf7676821", "ctags": [{"_type": "tag", "name": "health_check", "path": "/home/kavia/workspace/code-generation/mongodb-performance-monitor-210576-210586/performance_monitor_backend/src/api/routers/health.py", "pattern": "/^def health_check() -> HealthResponse:$/", "language": "Python", "typeref": "typename:HealthResponse", "kind": "function", "signature": "()"}, {"_type": "tag", "name": "router", "path": "/home/kavia/workspace/code-generation/mongodb-performance-monitor-210576-210586/performance_monitor_backend/src/api/routers/health.py", "pattern": "/^router = APIRouter(tags=[\"Health\"])$/", "language": "Python", "kind": "variable"}], "hash": "25ea932a4bc0a845c95a408d12661c85", "format-version": 4, "code-base-name": "performance_monitor_backend", "filename": "performance_monitor_backend/src/api/routers/health.py", "fields": [{"name": "router = APIRouter(tags=[\"Health\"])", "scope": "", "scopeKind": "", "description": "unavailable"}], "revision_history": [{"35": "5c1110a3ebc62d3d78963eacede0143bf7676821"}]}