{"is_source_file": true, "file_id": 21, "git_revision": "", "state": 3, "description": "", "external_files": [], "external_methods": [], "published": [], "classes": [], "methods": [], "calls": [], "search-terms": [], "ctags": [{"_type": "tag", "name": "BackendConfig", "path": "/home/kavia/workspace/code-generation/mongodb-performance-monitor-210576-210586/performance_monitor_backend/src/api/config.py", "pattern": "/^class BackendConfig:$/", "language": "Python", "kind": "class"}, {"_type": "tag", "name": "_read_mongo_uri_from_db_connection_file", "path": "/home/kavia/workspace/code-generation/mongodb-performance-monitor-210576-210586/performance_monitor_backend/src/api/config.py", "pattern": "/^def _read_mongo_uri_from_db_connection_file() -> Optional[str]:$/", "language": "Python", "typeref": "typename:Optional[str]", "kind": "function", "signature": "()"}, {"_type": "tag", "name": "load_config", "path": "/home/kavia/workspace/code-generation/mongodb-performance-monitor-210576-210586/performance_monitor_backend/src/api/config.py", "pattern": "/^def load_config() -> BackendConfig:$/", "language": "Python", "typeref": "typename:BackendConfig", "kind": "function", "signature": "()"}], "format": "Python", "hash": "45ca2b3ec7ee127823a220c0b873f3fc", "format-version": 4, "code-base-name": "performance_monitor_backend", "filename": "performance_monitor_backend/src/api/config.py", "knowledge_revision": 44}