{"is_source_file": true, "format": "Python", "description": "This file defines API routes for metrics-related endpoints in a FastAPI application, including endpoints for retrieving metrics summaries and timeseries data for specific instances.", "external_files": ["src.api.schemas.metrics", "src.api.services.metrics_service"], "external_methods": ["metrics_service.get_summary", "metrics_service.get_timeseries"], "published": ["router"], "classes": [], "methods": [{"name": "MetricsSummary get_metrics_summary(instance_id: str = Path(..., description=\"Instance identifier\"))", "description": "Handles GET requests for fetching a metrics summary for a given instance.", "scope": "", "scopeKind": ""}, {"name": "TimeseriesResponse get_metrics_timeseries( payload: TimeseriesRequest, instance_id: str = Path(..., description=\"Instance identifier\"), )", "description": "Handles POST requests for fetching timeseries data for a given instance.", "scope": "", "scopeKind": ""}], "calls": ["metrics_service.get_summary", "metrics_service.get_timeseries"], "search-terms": ["APIRouter", "metrics", "FastAPI routes", "metrics_service", "TimeseriesRequest", "MetricsSummary", "TimeseriesResponse"], "state": 2, "file_id": 15, "knowledge_revision": 37, "git_revision": "5c1110a3ebc62d3d78963eacede0143bf7676821", "ctags": [{"_type": "tag", "name": "get_metrics_summary", "path": "/home/kavia/workspace/code-generation/mongodb-performance-monitor-210576-210586/performance_monitor_backend/src/api/routers/metrics.py", "pattern": "/^def get_metrics_summary(instance_id: str = Path(..., description=\"Instance identifier\")) -> Metr/", "language": "Python", "typeref": "typename:MetricsSummary", "kind": "function", "signature": "(instance_id: str = Path(..., description=\"Instance identifier\"))"}, {"_type": "tag", "name": "get_metrics_timeseries", "path": "/home/kavia/workspace/code-generation/mongodb-performance-monitor-210576-210586/performance_monitor_backend/src/api/routers/metrics.py", "pattern": "/^def get_metrics_timeseries($/", "language": "Python", "typeref": "typename:TimeseriesResponse", "kind": "function", "signature": "( payload: TimeseriesRequest, instance_id: str = Path(..., description=\"Instance identifier\"), )"}, {"_type": "tag", "name": "router", "path": "/home/kavia/workspace/code-generation/mongodb-performance-monitor-210576-210586/performance_monitor_backend/src/api/routers/metrics.py", "pattern": "/^router = APIRouter(prefix=\"\\/api\\/metrics\", tags=[\"Metrics\"])$/", "language": "Python", "kind": "variable"}], "hash": "f85e9903d42b6a58992f577e0452e07c", "format-version": 4, "code-base-name": "performance_monitor_backend", "filename": "performance_monitor_backend/src/api/routers/metrics.py", "fields": [{"name": "router = APIRouter(prefix=\"\\/api\\/metrics\", tags=[\"Metrics\"])", "scope": "", "scopeKind": "", "description": "unavailable"}], "revision_history": [{"37": "5c1110a3ebc62d3d78963eacede0143bf7676821"}]}