{"is_source_file": true, "format": "Python", "description": "This file contains functions related to metrics data handling, including retrieval of metric summaries and time series data, for a monitoring backend.", "external_files": ["src.api.schemas.metrics"], "external_methods": ["MetricValue", "MetricsSummary", "TimeseriesRequest", "TimeseriesResponse"], "published": ["get_summary", "get_timeseries"], "classes": [], "methods": [{"name": "str _unit_for(metric: str)", "description": "Returns the unit string for the specified metric.", "scope": "", "scopeKind": ""}, {"name": "float _base_for(metric: str)", "description": "Provides a base numeric value for a given metric.", "scope": "", "scopeKind": ""}, {"name": "float _wave(i: int)", "description": "Generates a deterministic pseudo wave value for a given index.", "scope": "", "scopeKind": ""}, {"name": "MetricsSummary get_summary(instance_id: str)", "description": "Returns a stubbed metrics summary for the specified instance ID.", "scope": "", "scopeKind": ""}, {"name": "Tuple[datetime,datetime] _compute_range(req: TimeseriesRequest)", "description": "Calculates the start and end datetime for a timeseries request based on optional request parameters.", "scope": "", "scopeKind": ""}, {"name": "TimeseriesResponse get_timeseries(instance_id: str, req: TimeseriesRequest)", "description": "Returns a stubbed timeseries dataset for a specified instance ID and request parameters.", "scope": "", "scopeKind": ""}], "calls": ["datetime.now", "datetime.now", "MetricsSummary", "datetime.now", "timedelta", "MetricsSummary", "_compute_range", "max", "min", "MetricValue", "datetime.now", "timedelta", "max", "min"], "search-terms": ["metrics_service", "get_summary", "get_timeseries", "TimeseriesRequest", "MetricsSummary", "stubbed data", "metrics"], "state": 2, "file_id": 11, "knowledge_revision": 33, "git_revision": "5c1110a3ebc62d3d78963eacede0143bf7676821", "ctags": [{"_type": "tag", "name": "_base_for", "path": "/home/kavia/workspace/code-generation/mongodb-performance-monitor-210576-210586/performance_monitor_backend/src/api/services/metrics_service.py", "pattern": "/^def _base_for(metric: str) -> float:$/", "language": "Python", "typeref": "typename:float", "kind": "function", "signature": "(metric: str)"}, {"_type": "tag", "name": "_compute_range", "path": "/home/kavia/workspace/code-generation/mongodb-performance-monitor-210576-210586/performance_monitor_backend/src/api/services/metrics_service.py", "pattern": "/^def _compute_range(req: TimeseriesRequest) -> Tuple[datetime, datetime]:$/", "language": "Python", "typeref": "typename:Tuple[datetime,datetime]", "kind": "function", "signature": "(req: TimeseriesRequest)"}, {"_type": "tag", "name": "_unit_for", "path": "/home/kavia/workspace/code-generation/mongodb-performance-monitor-210576-210586/performance_monitor_backend/src/api/services/metrics_service.py", "pattern": "/^def _unit_for(metric: str) -> str:$/", "language": "Python", "typeref": "typename:str", "kind": "function", "signature": "(metric: str)"}, {"_type": "tag", "name": "_wave", "path": "/home/kavia/workspace/code-generation/mongodb-performance-monitor-210576-210586/performance_monitor_backend/src/api/services/metrics_service.py", "pattern": "/^def _wave(i: int) -> float:$/", "language": "Python", "typeref": "typename:float", "kind": "function", "signature": "(i: int)"}, {"_type": "tag", "name": "get_summary", "path": "/home/kavia/workspace/code-generation/mongodb-performance-monitor-210576-210586/performance_monitor_backend/src/api/services/metrics_service.py", "pattern": "/^def get_summary(instance_id: str) -> MetricsSummary:$/", "language": "Python", "typeref": "typename:MetricsSummary", "kind": "function", "signature": "(instance_id: str)"}, {"_type": "tag", "name": "get_timeseries", "path": "/home/kavia/workspace/code-generation/mongodb-performance-monitor-210576-210586/performance_monitor_backend/src/api/services/metrics_service.py", "pattern": "/^def get_timeseries(instance_id: str, req: TimeseriesRequest) -> TimeseriesResponse:$/", "language": "Python", "typeref": "typename:TimeseriesResponse", "kind": "function", "signature": "(instance_id: str, req: TimeseriesRequest)"}], "hash": "2eb535abfbd7b89d91c96d5e822276a8", "format-version": 4, "code-base-name": "performance_monitor_backend", "filename": "performance_monitor_backend/src/api/services/metrics_service.py", "revision_history": [{"33": "5c1110a3ebc62d3d78963eacede0143bf7676821"}]}