{"is_source_file": true, "file_id": 6, "git_revision": "", "state": 1, "description": "", "external_files": [], "external_methods": [], "published": [], "classes": [], "methods": [], "calls": [], "search-terms": [], "ctags": [{"_type": "tag", "name": "InstanceBase", "path": "/home/kavia/workspace/code-generation/mongodb-performance-monitor-210576-210586/performance_monitor_backend/src/api/schemas/instances.py", "pattern": "/^class InstanceBase(BaseModel):$/", "language": "Python", "kind": "class"}, {"_type": "tag", "name": "InstanceCreate", "path": "/home/kavia/workspace/code-generation/mongodb-performance-monitor-210576-210586/performance_monitor_backend/src/api/schemas/instances.py", "pattern": "/^class InstanceCreate(InstanceBase):$/", "language": "Python", "kind": "class"}, {"_type": "tag", "name": "InstanceListResponse", "path": "/home/kavia/workspace/code-generation/mongodb-performance-monitor-210576-210586/performance_monitor_backend/src/api/schemas/instances.py", "pattern": "/^class InstanceListResponse(BaseModel):$/", "language": "Python", "kind": "class"}, {"_type": "tag", "name": "InstanceOut", "path": "/home/kavia/workspace/code-generation/mongodb-performance-monitor-210576-210586/performance_monitor_backend/src/api/schemas/instances.py", "pattern": "/^class InstanceOut(InstanceBase):$/", "language": "Python", "kind": "class"}, {"_type": "tag", "name": "InstanceUpdate", "path": "/home/kavia/workspace/code-generation/mongodb-performance-monitor-210576-210586/performance_monitor_backend/src/api/schemas/instances.py", "pattern": "/^class InstanceUpdate(BaseModel):$/", "language": "Python", "kind": "class"}, {"_type": "tag", "name": "created_at", "path": "/home/kavia/workspace/code-generation/mongodb-performance-monitor-210576-210586/performance_monitor_backend/src/api/schemas/instances.py", "pattern": "/^    created_at: datetime = Field(..., description=\"UTC timestamp when instance was created.\")$/", "language": "Python", "typeref": "typename:datetime", "kind": "variable", "scope": "InstanceOut", "scopeKind": "class"}, {"_type": "tag", "name": "enabled", "path": "/home/kavia/workspace/code-generation/mongodb-performance-monitor-210576-210586/performance_monitor_backend/src/api/schemas/instances.py", "pattern": "/^    enabled: Optional[bool] = Field(default=None, description=\"Whether this instance is enabled /", "language": "Python", "typeref": "typename:Optional[bool]", "kind": "variable", "scope": "InstanceUpdate", "scopeKind": "class"}, {"_type": "tag", "name": "enabled", "path": "/home/kavia/workspace/code-generation/mongodb-performance-monitor-210576-210586/performance_monitor_backend/src/api/schemas/instances.py", "pattern": "/^    enabled: bool = Field(default=True, description=\"Whether this instance is enabled in monitor/", "language": "Python", "typeref": "typename:bool", "kind": "variable", "scope": "InstanceOut", "scopeKind": "class"}, {"_type": "tag", "name": "host", "path": "/home/kavia/workspace/code-generation/mongodb-performance-monitor-210576-210586/performance_monitor_backend/src/api/schemas/instances.py", "pattern": "/^    host: Optional[str] = Field(default=None, description=\"Hostname or IP address.\")$/", "language": "Python", "typeref": "typename:Optional[str]", "kind": "variable", "scope": "InstanceUpdate", "scopeKind": "class"}, {"_type": "tag", "name": "host", "path": "/home/kavia/workspace/code-generation/mongodb-performance-monitor-210576-210586/performance_monitor_backend/src/api/schemas/instances.py", "pattern": "/^    host: str = Field(..., description=\"Hostname or IP address of the MongoDB instance.\")$/", "language": "Python", "typeref": "typename:str", "kind": "variable", "scope": "InstanceBase", "scopeKind": "class"}, {"_type": "tag", "name": "id", "path": "/home/kavia/workspace/code-generation/mongodb-performance-monitor-210576-210586/performance_monitor_backend/src/api/schemas/instances.py", "pattern": "/^    id: str = Field(..., description=\"Stable instance identifier.\")$/", "language": "Python", "typeref": "typename:str", "kind": "variable", "scope": "InstanceOut", "scopeKind": "class"}, {"_type": "tag", "name": "items", "path": "/home/kavia/workspace/code-generation/mongodb-performance-monitor-210576-210586/performance_monitor_backend/src/api/schemas/instances.py", "pattern": "/^    items: List[InstanceOut] = Field(..., description=\"List of configured instances.\")$/", "language": "Python", "typeref": "typename:List[InstanceOut]", "kind": "variable", "scope": "InstanceListResponse", "scopeKind": "class"}, {"_type": "tag", "name": "name", "path": "/home/kavia/workspace/code-generation/mongodb-performance-monitor-210576-210586/performance_monitor_backend/src/api/schemas/instances.py", "pattern": "/^    name: Optional[str] = Field(default=None, description=\"Friendly display name for the instanc/", "language": "Python", "typeref": "typename:Optional[str]", "kind": "variable", "scope": "InstanceUpdate", "scopeKind": "class"}, {"_type": "tag", "name": "name", "path": "/home/kavia/workspace/code-generation/mongodb-performance-monitor-210576-210586/performance_monitor_backend/src/api/schemas/instances.py", "pattern": "/^    name: str = Field(..., description=\"Friendly display name for the instance.\")$/", "language": "Python", "typeref": "typename:str", "kind": "variable", "scope": "InstanceBase", "scopeKind": "class"}, {"_type": "tag", "name": "notes", "path": "/home/kavia/workspace/code-generation/mongodb-performance-monitor-210576-210586/performance_monitor_backend/src/api/schemas/instances.py", "pattern": "/^    notes: Optional[str] = Field(default=None, description=\"Optional notes shown in the UI.\")$/", "language": "Python", "typeref": "typename:Optional[str]", "kind": "variable", "scope": "InstanceBase", "scopeKind": "class"}, {"_type": "tag", "name": "notes", "path": "/home/kavia/workspace/code-generation/mongodb-performance-monitor-210576-210586/performance_monitor_backend/src/api/schemas/instances.py", "pattern": "/^    notes: Optional[str] = Field(default=None, description=\"Optional notes shown in the UI.\")$/", "language": "Python", "typeref": "typename:Optional[str]", "kind": "variable", "scope": "InstanceUpdate", "scopeKind": "class"}, {"_type": "tag", "name": "password", "path": "/home/kavia/workspace/code-generation/mongodb-performance-monitor-210576-210586/performance_monitor_backend/src/api/schemas/instances.py", "pattern": "/^    password: Optional[str] = Field($/", "language": "Python", "typeref": "typename:Optional[str]", "kind": "variable", "scope": "InstanceCreate", "scopeKind": "class"}, {"_type": "tag", "name": "password", "path": "/home/kavia/workspace/code-generation/mongodb-performance-monitor-210576-210586/performance_monitor_backend/src/api/schemas/instances.py", "pattern": "/^    password: Optional[str] = Field(default=None, description=\"Optional password. Stub only.\")$/", "language": "Python", "typeref": "typename:Optional[str]", "kind": "variable", "scope": "InstanceUpdate", "scopeKind": "class"}, {"_type": "tag", "name": "port", "path": "/home/kavia/workspace/code-generation/mongodb-performance-monitor-210576-210586/performance_monitor_backend/src/api/schemas/instances.py", "pattern": "/^    port: Optional[int] = Field(default=None, ge=1, le=65535, description=\"MongoDB port number.\"/", "language": "Python", "typeref": "typename:Optional[int]", "kind": "variable", "scope": "InstanceUpdate", "scopeKind": "class"}, {"_type": "tag", "name": "port", "path": "/home/kavia/workspace/code-generation/mongodb-performance-monitor-210576-210586/performance_monitor_backend/src/api/schemas/instances.py", "pattern": "/^    port: int = Field(27017, ge=1, le=65535, description=\"MongoDB port number.\")$/", "language": "Python", "typeref": "typename:int", "kind": "variable", "scope": "InstanceBase", "scopeKind": "class"}, {"_type": "tag", "name": "tls", "path": "/home/kavia/workspace/code-generation/mongodb-performance-monitor-210576-210586/performance_monitor_backend/src/api/schemas/instances.py", "pattern": "/^    tls: Optional[bool] = Field(default=None, description=\"Whether TLS is enabled.\")$/", "language": "Python", "typeref": "typename:Optional[bool]", "kind": "variable", "scope": "InstanceUpdate", "scopeKind": "class"}, {"_type": "tag", "name": "tls", "path": "/home/kavia/workspace/code-generation/mongodb-performance-monitor-210576-210586/performance_monitor_backend/src/api/schemas/instances.py", "pattern": "/^    tls: bool = Field(default=False, description=\"Whether TLS is enabled for this connection.\")$/", "language": "Python", "typeref": "typename:bool", "kind": "variable", "scope": "InstanceBase", "scopeKind": "class"}, {"_type": "tag", "name": "total", "path": "/home/kavia/workspace/code-generation/mongodb-performance-monitor-210576-210586/performance_monitor_backend/src/api/schemas/instances.py", "pattern": "/^    total: int = Field(..., ge=0, description=\"Total number of instances returned.\")$/", "language": "Python", "typeref": "typename:int", "kind": "variable", "scope": "InstanceListResponse", "scopeKind": "class"}, {"_type": "tag", "name": "updated_at", "path": "/home/kavia/workspace/code-generation/mongodb-performance-monitor-210576-210586/performance_monitor_backend/src/api/schemas/instances.py", "pattern": "/^    updated_at: datetime = Field(..., description=\"UTC timestamp when instance was last updated./", "language": "Python", "typeref": "typename:datetime", "kind": "variable", "scope": "InstanceOut", "scopeKind": "class"}, {"_type": "tag", "name": "username", "path": "/home/kavia/workspace/code-generation/mongodb-performance-monitor-210576-210586/performance_monitor_backend/src/api/schemas/instances.py", "pattern": "/^    username: Optional[str] = Field(default=None, description=\"Optional username for authenticat/", "language": "Python", "typeref": "typename:Optional[str]", "kind": "variable", "scope": "InstanceBase", "scopeKind": "class"}, {"_type": "tag", "name": "username", "path": "/home/kavia/workspace/code-generation/mongodb-performance-monitor-210576-210586/performance_monitor_backend/src/api/schemas/instances.py", "pattern": "/^    username: Optional[str] = Field(default=None, description=\"Optional username for authenticat/", "language": "Python", "typeref": "typename:Optional[str]", "kind": "variable", "scope": "InstanceUpdate", "scopeKind": "class"}], "format": "Python", "hash": "6e1b1658d4cc80385ba3e7a647546af9", "format-version": 4, "code-base-name": "performance_monitor_backend", "filename": "performance_monitor_backend/src/api/schemas/instances.py", "knowledge_revision": 11}