{"is_source_file": true, "format": "Python", "description": "This file defines configuration handling for a performance monitoring backend, including a dataclass for configuration parameters, functions to read configuration data (notably the MongoDB URI) from files and environment variables, and a function to load and validate the configuration.", "external_files": ["os", "re", "dataclasses", "pathlib"], "external_methods": ["Path.resolve", "Path.read_text", "os.getenv", "re.search"], "published": ["load_config"], "classes": [{"name": "BackendConfig", "description": "Immutable dataclass storing runtime configuration parameters for the backend, including MongoDB URI, metrics sampling interval, retention days, alert evaluation interval, alert cooldown, and recommendation settings."}], "methods": [{"name": "Optional[str] _read_mongo_uri_from_db_connection_file()", "description": "Attempts to read and extract a MongoDB URI from a specific connection file located relative to the script path.", "scope": "", "scopeKind": ""}, {"name": "BackendConfig load_config()", "description": "Loads the backend configuration, prioritizing the URI from the connection file, falling back to environment variables, and constructing a BackendConfig instance with validated parameters.", "scope": "", "scopeKind": ""}], "calls": ["Path.resolve", "Path.exists", "Path.read_text", "os.getenv", "re.search"], "search-terms": ["BackendConfig", "load_config", "db_connection.txt", "MongoDB URI", "configuration loader", "performance_monitor_backend/src/api/config.py"], "state": 2, "file_id": 21, "knowledge_revision": 65, "git_revision": "d21f925c1fc950dcc3050ff0205bcb57f4237af9", "revision_history": [{"45": ""}, {"58": "d21f925c1fc950dcc3050ff0205bcb57f4237af9"}, {"65": "d21f925c1fc950dcc3050ff0205bcb57f4237af9"}], "ctags": [{"_type": "tag", "name": "BackendConfig", "path": "/home/kavia/workspace/code-generation/mongodb-performance-monitor-210576-210586/performance_monitor_backend/src/api/config.py", "pattern": "/^class BackendConfig:$/", "language": "Python", "kind": "class"}, {"_type": "tag", "name": "_read_mongo_uri_from_db_connection_file", "path": "/home/kavia/workspace/code-generation/mongodb-performance-monitor-210576-210586/performance_monitor_backend/src/api/config.py", "pattern": "/^def _read_mongo_uri_from_db_connection_file() -> Optional[str]:$/", "language": "Python", "typeref": "typename:Optional[str]", "kind": "function", "signature": "()"}, {"_type": "tag", "name": "load_config", "path": "/home/kavia/workspace/code-generation/mongodb-performance-monitor-210576-210586/performance_monitor_backend/src/api/config.py", "pattern": "/^def load_config() -> BackendConfig:$/", "language": "Python", "typeref": "typename:BackendConfig", "kind": "function", "signature": "()"}], "hash": "24c0147f9a97281374bb9f18e6aedaa6", "format-version": 4, "code-base-name": "performance_monitor_backend", "filename": "performance_monitor_backend/src/api/config.py"}