{"is_source_file": true, "file_id": 3, "git_revision": "f42301804fe08ae5ee7c6452b872458071970ce0", "state": 2, "description": "", "external_files": [], "external_methods": [], "published": [], "classes": [], "methods": [], "calls": [], "search-terms": [], "ctags": [], "hash": null, "format-version": 4, "code-base-name": "performance_monitor_backend", "filename": "performance_monitor_backend/src/api/__init__.py", "knowledge_revision": 7, "revision_history": [{"7": "f42301804fe08ae5ee7c6452b872458071970ce0"}]}