{"is_source_file": false, "format": "", "description": "", "external_files": [], "external_methods": [], "published": [], "classes": [], "methods": [], "calls": [], "search-terms": [], "state": 3, "file_id": 19, "knowledge_revision": 54, "git_revision": "ac108bb99020dc67cfe8a133c3fe05fd9ce788f5", "revision_history": [{"41": "5c1110a3ebc62d3d78963eacede0143bf7676821"}, {"54": "ac108bb99020dc67cfe8a133c3fe05fd9ce788f5"}, {"63": "d21f925c1fc950dcc3050ff0205bcb57f4237af9"}], "ctags": [], "hash": "f35acda5acfceeaa22e501c667c1d547", "format-version": 4, "code-base-name": "performance_monitor_backend", "filename": "performance_monitor_backend/src/api/services/__init__.py"}