{"is_source_file": true, "format": "Python", "description": "This file sets up a basic FastAPI application with CORS middleware and a health check endpoint.", "external_files": ["fastapi", "fastapi.middleware.cors"], "external_methods": ["FastAPI()", "CORSMiddleware()", "app.add_middleware", "@app.get"], "published": ["app"], "classes": [], "methods": [{"name": "health_check()", "description": "A simple GET endpoint at root that returns a health message.", "scope": "", "scopeKind": ""}], "calls": ["FastAPI()", "CORSMiddleware()", "app.add_middleware", "@app.get"], "search-terms": ["FastAPI", "CORS", "health check", "api initialization", "middleware"], "state": 2, "file_id": 2, "knowledge_revision": 9, "git_revision": "f42301804fe08ae5ee7c6452b872458071970ce0", "ctags": [{"_type": "tag", "name": "app", "path": "/home/kavia/workspace/code-generation/mongodb-performance-monitor-210576-210586/performance_monitor_backend/src/api/main.py", "pattern": "/^app = FastAPI()$/", "language": "Python", "kind": "variable"}, {"_type": "tag", "name": "health_check", "path": "/home/kavia/workspace/code-generation/mongodb-performance-monitor-210576-210586/performance_monitor_backend/src/api/main.py", "pattern": "/^def health_check():$/", "language": "Python", "kind": "function", "signature": "()"}], "hash": "58352bf5f133908bab16643199aa483d", "format-version": 4, "code-base-name": "performance_monitor_backend", "filename": "performance_monitor_backend/src/api/main.py", "fields": [{"name": "app = FastAPI()", "scope": "", "scopeKind": "", "description": "unavailable"}], "revision_history": [{"9": "f42301804fe08ae5ee7c6452b872458071970ce0"}]}