{"is_source_file": true, "format": "Python", "description": "Main FastAPI application setup and event handlers for the MongoDB Performance Monitor backend API, including startup/shutdown procedures, middleware configuration, and included routers.", "external_files": ["src.api.config", "src.api.routers.alerts", "src.api.routers.health", "src.api.routers.instances", "src.api.routers.metrics", "src.api.routers.recommendations", "src.api.services.alerts_evaluator", "src.api.services.metrics_sampler", "src.api.state"], "external_methods": ["load_config", "alerts_evaluator_loop", "sampler_loop", "get_state", "init_state"], "published": ["app"], "classes": [], "methods": [{"name": "None _on_startup()", "description": "Asynchronous startup hook for initializing MongoDB connections, indexes, and starting background tasks.", "scope": "", "scopeKind": ""}, {"name": "None _on_shutdown()", "description": "Asynchronous shutdown hook for gracefully stopping background tasks and closing MongoDB connections.", "scope": "", "scopeKind": ""}, {"name": "str|None _env_frontend_url()", "description": "Function to retrieve the frontend URL from environment variables.", "scope": "", "scopeKind": ""}, {"name": "List[str] _env_cors_extra_origins()", "description": "Function to parse and return additional CORS allowed origins from environment variables.", "scope": "", "scopeKind": ""}], "calls": ["load_config()", "alerts_evaluator_loop()", "sampler_loop()", "get_state()", "init_state()", "state.mongo.connect_app()", "state.mongo.ping()", "state.mongo.init_indexes()", "state.mongo.close()", "asyncio.create_task()", "asyncio.wait_for()", "logger.exception()"], "search-terms": ["FastAPI setup", "MongoDB connection", "background tasks", "startup event", "shutdown event", "CORS middleware", "background sampler", "alerts evaluator", "API routers"], "state": 2, "file_id": 2, "knowledge_revision": 80, "git_revision": "09410bea15e21a7e3c9b73c6e17854e1898bd9de", "revision_history": [{"9": "f42301804fe08ae5ee7c6452b872458071970ce0"}, {"27": "5c1110a3ebc62d3d78963eacede0143bf7676821"}, {"53": "ac108bb99020dc67cfe8a133c3fe05fd9ce788f5"}, {"74": "9e7446029497066b1021343648c0face5bcaa592"}, {"80": "09410bea15e21a7e3c9b73c6e17854e1898bd9de"}], "ctags": [{"_type": "tag", "name": "_env_cors_extra_origins", "path": "/home/kavia/workspace/code-generation/mongodb-performance-monitor-210576-210586/performance_monitor_backend/src/api/main.py", "pattern": "/^def _env_cors_extra_origins() -> List[str]:$/", "language": "Python", "typeref": "typename:List[str]", "kind": "function", "signature": "()"}, {"_type": "tag", "name": "_env_frontend_url", "path": "/home/kavia/workspace/code-generation/mongodb-performance-monitor-210576-210586/performance_monitor_backend/src/api/main.py", "pattern": "/^def _env_frontend_url() -> str | None:$/", "language": "Python", "typeref": "typename:str|None", "kind": "function", "signature": "()"}, {"_type": "tag", "name": "_on_shutdown", "path": "/home/kavia/workspace/code-generation/mongodb-performance-monitor-210576-210586/performance_monitor_backend/src/api/main.py", "pattern": "/^async def _on_shutdown() -> None:$/", "language": "Python", "typeref": "typename:None", "kind": "function", "signature": "()"}, {"_type": "tag", "name": "_on_startup", "path": "/home/kavia/workspace/code-generation/mongodb-performance-monitor-210576-210586/performance_monitor_backend/src/api/main.py", "pattern": "/^async def _on_startup() -> None:$/", "language": "Python", "typeref": "typename:None", "kind": "function", "signature": "()"}, {"_type": "tag", "name": "_seen", "path": "/home/kavia/workspace/code-generation/mongodb-performance-monitor-210576-210586/performance_monitor_backend/src/api/main.py", "pattern": "/^_seen = set()$/", "language": "Python", "kind": "variable"}, {"_type": "tag", "name": "allowed_origins", "path": "/home/kavia/workspace/code-generation/mongodb-performance-monitor-210576-210586/performance_monitor_backend/src/api/main.py", "pattern": "/^allowed_origins = [o for o in allowed_origins if not (o in _seen or _seen.add(o))]$/", "language": "Python", "kind": "variable"}, {"_type": "tag", "name": "allowed_origins", "path": "/home/kavia/workspace/code-generation/mongodb-performance-monitor-210576-210586/performance_monitor_backend/src/api/main.py", "pattern": "/^allowed_origins: List[str] = [\"http:\\/\\/localhost:3000\", \"http:\\/\\/127.0.0.1:3000\"]$/", "language": "Python", "typeref": "typename:List[str]", "kind": "variable"}, {"_type": "tag", "name": "app", "path": "/home/kavia/workspace/code-generation/mongodb-performance-monitor-210576-210586/performance_monitor_backend/src/api/main.py", "pattern": "/^app = FastAPI($/", "language": "Python", "kind": "variable"}, {"_type": "tag", "name": "frontend_url", "path": "/home/kavia/workspace/code-generation/mongodb-performance-monitor-210576-210586/performance_monitor_backend/src/api/main.py", "pattern": "/^frontend_url = _env_frontend_url()$/", "language": "Python", "kind": "variable"}, {"_type": "tag", "name": "logger", "path": "/home/kavia/workspace/code-generation/mongodb-performance-monitor-210576-210586/performance_monitor_backend/src/api/main.py", "pattern": "/^logger = logging.getLogger(__name__)$/", "language": "Python", "kind": "variable"}, {"_type": "tag", "name": "openapi_tags", "path": "/home/kavia/workspace/code-generation/mongodb-performance-monitor-210576-210586/performance_monitor_backend/src/api/main.py", "pattern": "/^openapi_tags = [$/", "language": "Python", "kind": "variable"}], "hash": "a1fd52159f24ed5b6a8722ce72b632d4", "format-version": 4, "code-base-name": "performance_monitor_backend", "filename": "performance_monitor_backend/src/api/main.py", "fields": [{"name": "_seen = set()", "scope": "", "scopeKind": "", "description": "unavailable"}, {"name": "allowed_origins = [o for o in allowed_origins if not (o in _seen or _seen.add(o))]", "scope": "", "scopeKind": "", "description": "unavailable"}, {"name": "List[str] allowed_origins", "scope": "", "scopeKind": "", "description": "unavailable"}, {"name": "app = FastAPI(", "scope": "", "scopeKind": "", "description": "unavailable"}, {"name": "frontend_url = _env_frontend_url()", "scope": "", "scopeKind": "", "description": "unavailable"}, {"name": "logger = logging.getLogger(__name__)", "scope": "", "scopeKind": "", "description": "unavailable"}, {"name": "openapi_tags = [", "scope": "", "scopeKind": "", "description": "unavailable"}]}