{"is_source_file": false, "format": "", "description": "", "external_files": [], "external_methods": [], "published": [], "classes": [], "methods": [], "calls": [], "search-terms": [], "state": 2, "file_id": 20, "knowledge_revision": 43, "git_revision": "5c1110a3ebc62d3d78963eacede0143bf7676821", "hash": "61ef14a9780590487a39b4e28c74e95a", "format-version": 4, "code-base-name": "performance_monitor_backend", "filename": "performance_monitor_backend/interfaces/openapi.remote.json", "revision_history": [{"43": "5c1110a3ebc62d3d78963eacede0143bf7676821"}]}