{"is_source_file": true, "format": "Python", "description": "Main application setup for a FastAPI-based MongoDB performance monitoring backend, including initialization, startup/shutdown routines, middleware setup, and inclusion of various API routers.", "external_files": ["src.api.config", "src.api.routers.alerts", "src.api.routers.health", "src.api.routers.instances", "src.api.routers.metrics", "src.api.routers.recommendations", "src.api.services.alerts_evaluator", "src.api.services.metrics_sampler", "src.api.state"], "external_methods": ["load_config", "alerts_evaluator_loop", "sampler_loop", "get_state", "init_state"], "published": ["app", "openapi_tags", "logger"], "classes": [{"name": "FastAPI", "description": "Main application class from the FastAPI framework used to create the web API."}], "methods": [{"name": "None _on_startup()", "description": "Async function to initialize database connections, indexes, and start background tasks for sampler and alerts evaluator.", "scope": "", "scopeKind": ""}, {"name": "None _on_shutdown()", "description": "Async function to properly shut down background tasks and close the database connection.", "scope": "", "scopeKind": ""}], "calls": ["load_config()", "init_state()", "get_state()", "state.mongo.connect_app()", "state.mongo.init_indexes()", "asyncio.create_task()", "alerts_evaluator_loop()", "sampler_loop()", "asyncio.wait_for()", "state.mongo.close()", "os.getenv()", "app.add_middleware()", "app.include_router()"], "search-terms": ["MongoDB Performance Monitor", "FastAPI startup events", "background sampler task", "alerts evaluator", "MongoDB connection management", "CORS middleware setup", "router inclusion"], "state": 2, "file_id": 2, "knowledge_revision": 74, "git_revision": "9e7446029497066b1021343648c0face5bcaa592", "revision_history": [{"9": "f42301804fe08ae5ee7c6452b872458071970ce0"}, {"27": "5c1110a3ebc62d3d78963eacede0143bf7676821"}, {"53": "ac108bb99020dc67cfe8a133c3fe05fd9ce788f5"}, {"74": "9e7446029497066b1021343648c0face5bcaa592"}], "ctags": [{"_type": "tag", "name": "_on_shutdown", "path": "/home/kavia/workspace/code-generation/mongodb-performance-monitor-210576-210586/performance_monitor_backend/src/api/main.py", "pattern": "/^async def _on_shutdown() -> None:$/", "language": "Python", "typeref": "typename:None", "kind": "function", "signature": "()"}, {"_type": "tag", "name": "_on_startup", "path": "/home/kavia/workspace/code-generation/mongodb-performance-monitor-210576-210586/performance_monitor_backend/src/api/main.py", "pattern": "/^async def _on_startup() -> None:$/", "language": "Python", "typeref": "typename:None", "kind": "function", "signature": "()"}, {"_type": "tag", "name": "allowed_origins", "path": "/home/kavia/workspace/code-generation/mongodb-performance-monitor-210576-210586/performance_monitor_backend/src/api/main.py", "pattern": "/^allowed_origins: List[str] = [\"http:\\/\\/localhost:3000\", \"http:\\/\\/127.0.0.1:3000\"]$/", "language": "Python", "typeref": "typename:List[str]", "kind": "variable"}, {"_type": "tag", "name": "app", "path": "/home/kavia/workspace/code-generation/mongodb-performance-monitor-210576-210586/performance_monitor_backend/src/api/main.py", "pattern": "/^app = FastAPI($/", "language": "Python", "kind": "variable"}, {"_type": "tag", "name": "frontend_url", "path": "/home/kavia/workspace/code-generation/mongodb-performance-monitor-210576-210586/performance_monitor_backend/src/api/main.py", "pattern": "/^frontend_url = os.getenv(\"REACT_APP_FRONTEND_URL\")$/", "language": "Python", "kind": "variable"}, {"_type": "tag", "name": "logger", "path": "/home/kavia/workspace/code-generation/mongodb-performance-monitor-210576-210586/performance_monitor_backend/src/api/main.py", "pattern": "/^logger = logging.getLogger(__name__)$/", "language": "Python", "kind": "variable"}, {"_type": "tag", "name": "openapi_tags", "path": "/home/kavia/workspace/code-generation/mongodb-performance-monitor-210576-210586/performance_monitor_backend/src/api/main.py", "pattern": "/^openapi_tags = [$/", "language": "Python", "kind": "variable"}], "hash": "110876c0e78a59c7919194ee00c7a161", "format-version": 4, "code-base-name": "performance_monitor_backend", "filename": "performance_monitor_backend/src/api/main.py", "fields": [{"name": "List[str] allowed_origins", "scope": "", "scopeKind": "", "description": "unavailable"}, {"name": "app = FastAPI(", "scope": "", "scopeKind": "", "description": "unavailable"}, {"name": "frontend_url = os.getenv(\"REACT_APP_FRONTEND_URL\")", "scope": "", "scopeKind": "", "description": "unavailable"}, {"name": "logger = logging.getLogger(__name__)", "scope": "", "scopeKind": "", "description": "unavailable"}, {"name": "openapi_tags = [", "scope": "", "scopeKind": "", "description": "unavailable"}]}