{"is_source_file": true, "format": "Python", "description": "This file contains Pydantic schema definitions used by API routers, likely for data validation and serialization in a web API context.", "external_files": [], "external_methods": [], "published": [], "classes": [], "methods": [], "calls": [], "search-terms": ["Pydantic schemas", "API routers", "performance_monitor_backend", "schemas"], "state": 2, "file_id": 9, "knowledge_revision": 69, "git_revision": "5c1110a3ebc62d3d78963eacede0143bf7676821", "revision_history": [{"31": "5c1110a3ebc62d3d78963eacede0143bf7676821"}, {"69": "5c1110a3ebc62d3d78963eacede0143bf7676821"}], "ctags": [], "hash": "11dd168e9e6cf03232f88f9d9bdee908", "format-version": 4, "code-base-name": "performance_monitor_backend", "filename": "performance_monitor_backend/src/api/schemas/__init__.py"}