{"is_source_file": true, "format": "Python", "description": "This file defines schemas related to alert rules and alert events in a monitoring system, using Pydantic models for validation and serialization.", "external_files": ["src.api.schemas.common"], "external_methods": ["Severity"], "published": ["AlertRuleCreate", "AlertRuleUpdate", "AlertRuleOut", "AlertRuleListResponse", "AlertEventOut", "AlertEventListResponse", "AlertEventsQuery", "AlertRuleType", "AlertStatus", "AlertEventType"], "classes": [{"name": "AlertRuleBase", "description": "Base model for alert rule common fields."}, {"name": "AlertRuleCreate", "description": "Model for creating a new alert rule."}, {"name": "AlertRuleUpdate", "description": "Model for updating an existing alert rule."}, {"name": "AlertRuleOut", "description": "Model representing an alert rule with metadata."}, {"name": "AlertRuleListResponse", "description": "Response envelope for listing alert rules."}, {"name": "AlertEventOut", "description": "Model for representing an alert event."}, {"name": "AlertEventListResponse", "description": "Envelope for listing alert events."}, {"name": "AlertEventsQuery", "description": "Filter and pagination parameters for querying alert events."}], "methods": [], "calls": [], "search-terms": ["AlertRuleBase", "AlertEventOut", "AlertEventsQuery", "Severity", "AlertRuleType", "AlertStatus", "AlertEventType"], "state": 2, "file_id": 26, "knowledge_revision": 75, "git_revision": "9e7446029497066b1021343648c0face5bcaa592", "ctags": [{"_type": "tag", "name": "AlertEventListResponse", "path": "/home/kavia/workspace/code-generation/mongodb-performance-monitor-210576-210586/performance_monitor_backend/src/api/schemas/alerts.py", "pattern": "/^class AlertEventListResponse(BaseModel):$/", "language": "Python", "kind": "class"}, {"_type": "tag", "name": "AlertEventOut", "path": "/home/kavia/workspace/code-generation/mongodb-performance-monitor-210576-210586/performance_monitor_backend/src/api/schemas/alerts.py", "pattern": "/^class AlertEventOut(BaseModel):$/", "language": "Python", "kind": "class"}, {"_type": "tag", "name": "AlertEventType", "path": "/home/kavia/workspace/code-generation/mongodb-performance-monitor-210576-210586/performance_monitor_backend/src/api/schemas/alerts.py", "pattern": "/^AlertEventType = Literal[\"triggered\", \"resolved\"]$/", "language": "Python", "kind": "variable"}, {"_type": "tag", "name": "AlertEventsQuery", "path": "/home/kavia/workspace/code-generation/mongodb-performance-monitor-210576-210586/performance_monitor_backend/src/api/schemas/alerts.py", "pattern": "/^class AlertEventsQuery(BaseModel):$/", "language": "Python", "kind": "class"}, {"_type": "tag", "name": "AlertRuleBase", "path": "/home/kavia/workspace/code-generation/mongodb-performance-monitor-210576-210586/performance_monitor_backend/src/api/schemas/alerts.py", "pattern": "/^class AlertRuleBase(BaseModel):$/", "language": "Python", "kind": "class"}, {"_type": "tag", "name": "AlertRuleCreate", "path": "/home/kavia/workspace/code-generation/mongodb-performance-monitor-210576-210586/performance_monitor_backend/src/api/schemas/alerts.py", "pattern": "/^class AlertRuleCreate(AlertRuleBase):$/", "language": "Python", "kind": "class"}, {"_type": "tag", "name": "AlertRuleListResponse", "path": "/home/kavia/workspace/code-generation/mongodb-performance-monitor-210576-210586/performance_monitor_backend/src/api/schemas/alerts.py", "pattern": "/^class AlertRuleListResponse(BaseModel):$/", "language": "Python", "kind": "class"}, {"_type": "tag", "name": "AlertRuleOut", "path": "/home/kavia/workspace/code-generation/mongodb-performance-monitor-210576-210586/performance_monitor_backend/src/api/schemas/alerts.py", "pattern": "/^class AlertRuleOut(AlertRuleBase):$/", "language": "Python", "kind": "class"}, {"_type": "tag", "name": "AlertRuleType", "path": "/home/kavia/workspace/code-generation/mongodb-performance-monitor-210576-210586/performance_monitor_backend/src/api/schemas/alerts.py", "pattern": "/^AlertRuleType = Literal[\"high_connections\", \"high_ops_latency\", \"slow_operations_rate\"]$/", "language": "Python", "kind": "variable"}, {"_type": "tag", "name": "AlertRuleUpdate", "path": "/home/kavia/workspace/code-generation/mongodb-performance-monitor-210576-210586/performance_monitor_backend/src/api/schemas/alerts.py", "pattern": "/^class AlertRuleUpdate(BaseModel):$/", "language": "Python", "kind": "class"}, {"_type": "tag", "name": "AlertStatus", "path": "/home/kavia/workspace/code-generation/mongodb-performance-monitor-210576-210586/performance_monitor_backend/src/api/schemas/alerts.py", "pattern": "/^AlertStatus = Literal[\"ok\", \"triggered\"]$/", "language": "Python", "kind": "variable"}, {"_type": "tag", "name": "created_at", "path": "/home/kavia/workspace/code-generation/mongodb-performance-monitor-210576-210586/performance_monitor_backend/src/api/schemas/alerts.py", "pattern": "/^    created_at: datetime = Field(..., description=\"UTC event creation timestamp.\", alias=\"create/", "language": "Python", "typeref": "typename:datetime", "kind": "variable", "scope": "AlertEventOut", "scopeKind": "class"}, {"_type": "tag", "name": "created_at", "path": "/home/kavia/workspace/code-generation/mongodb-performance-monitor-210576-210586/performance_monitor_backend/src/api/schemas/alerts.py", "pattern": "/^    created_at: datetime = Field(..., description=\"UTC timestamp when the rule was created.\", al/", "language": "Python", "typeref": "typename:datetime", "kind": "variable", "scope": "AlertRuleOut", "scopeKind": "class"}, {"_type": "tag", "name": "enabled", "path": "/home/kavia/workspace/code-generation/mongodb-performance-monitor-210576-210586/performance_monitor_backend/src/api/schemas/alerts.py", "pattern": "/^    enabled: Optional[bool] = Field(default=None, description=\"Whether the rule is enabled.\")$/", "language": "Python", "typeref": "typename:Optional[bool]", "kind": "variable", "scope": "AlertRuleUpdate", "scopeKind": "class"}, {"_type": "tag", "name": "enabled", "path": "/home/kavia/workspace/code-generation/mongodb-performance-monitor-210576-210586/performance_monitor_backend/src/api/schemas/alerts.py", "pattern": "/^    enabled: bool = Field(True, description=\"Whether the rule is enabled for evaluation.\")$/", "language": "Python", "typeref": "typename:bool", "kind": "variable", "scope": "AlertRuleBase", "scopeKind": "class"}, {"_type": "tag", "name": "end", "path": "/home/kavia/workspace/code-generation/mongodb-performance-monitor-210576-210586/performance_monitor_backend/src/api/schemas/alerts.py", "pattern": "/^    end: Optional[datetime] = Field(default=None, description=\"End time (inclusive) filter.\")$/", "language": "Python", "typeref": "typename:Optional[datetime]", "kind": "variable", "scope": "AlertEventsQuery", "scopeKind": "class"}, {"_type": "tag", "name": "event_type", "path": "/home/kavia/workspace/code-generation/mongodb-performance-monitor-210576-210586/performance_monitor_backend/src/api/schemas/alerts.py", "pattern": "/^    event_type: AlertEventType = Field(..., description=\"Whether this event is a trigger or reso/", "language": "Python", "typeref": "typename:AlertEventType", "kind": "variable", "scope": "AlertEventOut", "scopeKind": "class"}, {"_type": "tag", "name": "event_type", "path": "/home/kavia/workspace/code-generation/mongodb-performance-monitor-210576-210586/performance_monitor_backend/src/api/schemas/alerts.py", "pattern": "/^    event_type: Optional[AlertEventType] = Field(default=None, description=\"Filter by event type/", "language": "Python", "typeref": "typename:Optional[AlertEventType]", "kind": "variable", "scope": "AlertEventsQuery", "scopeKind": "class"}, {"_type": "tag", "name": "id", "path": "/home/kavia/workspace/code-generation/mongodb-performance-monitor-210576-210586/performance_monitor_backend/src/api/schemas/alerts.py", "pattern": "/^    id: str = Field(..., description=\"Event id (Mongo ObjectId string).\")$/", "language": "Python", "typeref": "typename:str", "kind": "variable", "scope": "AlertEventOut", "scopeKind": "class"}, {"_type": "tag", "name": "id", "path": "/home/kavia/workspace/code-generation/mongodb-performance-monitor-210576-210586/performance_monitor_backend/src/api/schemas/alerts.py", "pattern": "/^    id: str = Field(..., description=\"Rule id (Mongo ObjectId string).\")$/", "language": "Python", "typeref": "typename:str", "kind": "variable", "scope": "AlertRuleOut", "scopeKind": "class"}, {"_type": "tag", "name": "instance_id", "path": "/home/kavia/workspace/code-generation/mongodb-performance-monitor-210576-210586/performance_monitor_backend/src/api/schemas/alerts.py", "pattern": "/^    instance_id: Optional[str] = Field(default=None, description=\"Filter by instanceId.\", alias=/", "language": "Python", "typeref": "typename:Optional[str]", "kind": "variable", "scope": "AlertEventsQuery", "scopeKind": "class"}, {"_type": "tag", "name": "instance_id", "path": "/home/kavia/workspace/code-generation/mongodb-performance-monitor-210576-210586/performance_monitor_backend/src/api/schemas/alerts.py", "pattern": "/^    instance_id: str = Field(..., description=\"Instance id this event applies to.\", alias=\"insta/", "language": "Python", "typeref": "typename:str", "kind": "variable", "scope": "AlertEventOut", "scopeKind": "class"}, {"_type": "tag", "name": "instance_scope", "path": "/home/kavia/workspace/code-generation/mongodb-performance-monitor-210576-210586/performance_monitor_backend/src/api/schemas/alerts.py", "pattern": "/^    instance_scope: Optional[str] = Field($/", "language": "Python", "typeref": "typename:Optional[str]", "kind": "variable", "scope": "AlertRuleBase", "scopeKind": "class"}, {"_type": "tag", "name": "instance_scope", "path": "/home/kavia/workspace/code-generation/mongodb-performance-monitor-210576-210586/performance_monitor_backend/src/api/schemas/alerts.py", "pattern": "/^    instance_scope: Optional[str] = Field($/", "language": "Python", "typeref": "typename:Optional[str]", "kind": "variable", "scope": "AlertRuleUpdate", "scopeKind": "class"}, {"_type": "tag", "name": "items", "path": "/home/kavia/workspace/code-generation/mongodb-performance-monitor-210576-210586/performance_monitor_backend/src/api/schemas/alerts.py", "pattern": "/^    items: List[AlertEventOut] = Field(..., description=\"List of alert events.\")$/", "language": "Python", "typeref": "typename:List[AlertEventOut]", "kind": "variable", "scope": "AlertEventListResponse", "scopeKind": "class"}, {"_type": "tag", "name": "items", "path": "/home/kavia/workspace/code-generation/mongodb-performance-monitor-210576-210586/performance_monitor_backend/src/api/schemas/alerts.py", "pattern": "/^    items: List[AlertRuleOut] = Field(..., description=\"List of alert rules.\")$/", "language": "Python", "typeref": "typename:List[AlertRuleOut]", "kind": "variable", "scope": "AlertRuleListResponse", "scopeKind": "class"}, {"_type": "tag", "name": "limit", "path": "/home/kavia/workspace/code-generation/mongodb-performance-monitor-210576-210586/performance_monitor_backend/src/api/schemas/alerts.py", "pattern": "/^    limit: int = Field(100, ge=1, le=500, description=\"Max number of events to return.\")$/", "language": "Python", "typeref": "typename:int", "kind": "variable", "scope": "AlertEventsQuery", "scopeKind": "class"}, {"_type": "tag", "name": "message", "path": "/home/kavia/workspace/code-generation/mongodb-performance-monitor-210576-210586/performance_monitor_backend/src/api/schemas/alerts.py", "pattern": "/^    message: str = Field(..., description=\"Human-readable event message.\")$/", "language": "Python", "typeref": "typename:str", "kind": "variable", "scope": "AlertEventOut", "scopeKind": "class"}, {"_type": "tag", "name": "meta", "path": "/home/kavia/workspace/code-generation/mongodb-performance-monitor-210576-210586/performance_monitor_backend/src/api/schemas/alerts.py", "pattern": "/^    meta: Dict[str, Any] = Field(default_factory=dict, description=\"Additional structured metada/", "language": "Python", "typeref": "typename:Dict[str, Any]", "kind": "variable", "scope": "AlertEventOut", "scopeKind": "class"}, {"_type": "tag", "name": "name", "path": "/home/kavia/workspace/code-generation/mongodb-performance-monitor-210576-210586/performance_monitor_backend/src/api/schemas/alerts.py", "pattern": "/^    name: Optional[str] = Field(default=None, description=\"Human-friendly rule name.\")$/", "language": "Python", "typeref": "typename:Optional[str]", "kind": "variable", "scope": "AlertRuleUpdate", "scopeKind": "class"}, {"_type": "tag", "name": "name", "path": "/home/kavia/workspace/code-generation/mongodb-performance-monitor-210576-210586/performance_monitor_backend/src/api/schemas/alerts.py", "pattern": "/^    name: str = Field(..., description=\"Human-friendly rule name.\")$/", "language": "Python", "typeref": "typename:str", "kind": "variable", "scope": "AlertRuleBase", "scopeKind": "class"}, {"_type": "tag", "name": "offset", "path": "/home/kavia/workspace/code-generation/mongodb-performance-monitor-210576-210586/performance_monitor_backend/src/api/schemas/alerts.py", "pattern": "/^    offset: int = Field(0, ge=0, le=100000, description=\"Offset for pagination (simple skip).\")$/", "language": "Python", "typeref": "typename:int", "kind": "variable", "scope": "AlertEventsQuery", "scopeKind": "class"}, {"_type": "tag", "name": "rule_id", "path": "/home/kavia/workspace/code-generation/mongodb-performance-monitor-210576-210586/performance_monitor_backend/src/api/schemas/alerts.py", "pattern": "/^    rule_id: Optional[str] = Field(default=None, description=\"Filter by ruleId.\", alias=\"ruleId\"/", "language": "Python", "typeref": "typename:Optional[str]", "kind": "variable", "scope": "AlertEventsQuery", "scopeKind": "class"}, {"_type": "tag", "name": "rule_id", "path": "/home/kavia/workspace/code-generation/mongodb-performance-monitor-210576-210586/performance_monitor_backend/src/api/schemas/alerts.py", "pattern": "/^    rule_id: str = Field(..., description=\"Rule id (Mongo ObjectId string).\", alias=\"ruleId\")$/", "language": "Python", "typeref": "typename:str", "kind": "variable", "scope": "AlertEventOut", "scopeKind": "class"}, {"_type": "tag", "name": "severity", "path": "/home/kavia/workspace/code-generation/mongodb-performance-monitor-210576-210586/performance_monitor_backend/src/api/schemas/alerts.py", "pattern": "/^    severity: Optional[Severity] = Field(default=None, description=\"Severity of the alert when t/", "language": "Python", "typeref": "typename:Optional[Severity]", "kind": "variable", "scope": "AlertRuleUpdate", "scopeKind": "class"}, {"_type": "tag", "name": "severity", "path": "/home/kavia/workspace/code-generation/mongodb-performance-monitor-210576-210586/performance_monitor_backend/src/api/schemas/alerts.py", "pattern": "/^    severity: Severity = Field(..., description=\"Severity associated with the rule at time of ev/", "language": "Python", "typeref": "typename:Severity", "kind": "variable", "scope": "AlertEventOut", "scopeKind": "class"}, {"_type": "tag", "name": "severity", "path": "/home/kavia/workspace/code-generation/mongodb-performance-monitor-210576-210586/performance_monitor_backend/src/api/schemas/alerts.py", "pattern": "/^    severity: Severity = Field(Severity.warning, description=\"Severity of the alert when trigger/", "language": "Python", "typeref": "typename:Severity", "kind": "variable", "scope": "AlertRuleBase", "scopeKind": "class"}, {"_type": "tag", "name": "start", "path": "/home/kavia/workspace/code-generation/mongodb-performance-monitor-210576-210586/performance_monitor_backend/src/api/schemas/alerts.py", "pattern": "/^    start: Optional[datetime] = Field(default=None, description=\"Start time (inclusive) filter.\"/", "language": "Python", "typeref": "typename:Optional[datetime]", "kind": "variable", "scope": "AlertEventsQuery", "scopeKind": "class"}, {"_type": "tag", "name": "status", "path": "/home/kavia/workspace/code-generation/mongodb-performance-monitor-210576-210586/performance_monitor_backend/src/api/schemas/alerts.py", "pattern": "/^    status: AlertStatus = Field(..., description=\"Current status after this event.\")$/", "language": "Python", "typeref": "typename:AlertStatus", "kind": "variable", "scope": "AlertEventOut", "scopeKind": "class"}, {"_type": "tag", "name": "status", "path": "/home/kavia/workspace/code-generation/mongodb-performance-monitor-210576-210586/performance_monitor_backend/src/api/schemas/alerts.py", "pattern": "/^    status: Optional[AlertStatus] = Field(default=None, description=\"Filter by status (ok|trigge/", "language": "Python", "typeref": "typename:Optional[AlertStatus]", "kind": "variable", "scope": "AlertEventsQuery", "scopeKind": "class"}, {"_type": "tag", "name": "threshold", "path": "/home/kavia/workspace/code-generation/mongodb-performance-monitor-210576-210586/performance_monitor_backend/src/api/schemas/alerts.py", "pattern": "/^    threshold: Optional[float] = Field($/", "language": "Python", "typeref": "typename:Optional[float]", "kind": "variable", "scope": "AlertRuleUpdate", "scopeKind": "class"}, {"_type": "tag", "name": "threshold", "path": "/home/kavia/workspace/code-generation/mongodb-performance-monitor-210576-210586/performance_monitor_backend/src/api/schemas/alerts.py", "pattern": "/^    threshold: Optional[float] = Field(default=None, description=\"Threshold (if applicable).\")$/", "language": "Python", "typeref": "typename:Optional[float]", "kind": "variable", "scope": "AlertEventOut", "scopeKind": "class"}, {"_type": "tag", "name": "threshold", "path": "/home/kavia/workspace/code-generation/mongodb-performance-monitor-210576-210586/performance_monitor_backend/src/api/schemas/alerts.py", "pattern": "/^    threshold: float = Field($/", "language": "Python", "typeref": "typename:float", "kind": "variable", "scope": "AlertRuleBase", "scopeKind": "class"}, {"_type": "tag", "name": "title", "path": "/home/kavia/workspace/code-generation/mongodb-performance-monitor-210576-210586/performance_monitor_backend/src/api/schemas/alerts.py", "pattern": "/^    title: str = Field(..., description=\"Short title for the event.\")$/", "language": "Python", "typeref": "typename:str", "kind": "variable", "scope": "AlertEventOut", "scopeKind": "class"}, {"_type": "tag", "name": "total", "path": "/home/kavia/workspace/code-generation/mongodb-performance-monitor-210576-210586/performance_monitor_backend/src/api/schemas/alerts.py", "pattern": "/^    total: int = Field(..., ge=0, description=\"Total count of rules returned.\")$/", "language": "Python", "typeref": "typename:int", "kind": "variable", "scope": "AlertRuleListResponse", "scopeKind": "class"}, {"_type": "tag", "name": "total", "path": "/home/kavia/workspace/code-generation/mongodb-performance-monitor-210576-210586/performance_monitor_backend/src/api/schemas/alerts.py", "pattern": "/^    total: int = Field(..., ge=0, description=\"Total count returned.\")$/", "language": "Python", "typeref": "typename:int", "kind": "variable", "scope": "AlertEventListResponse", "scopeKind": "class"}, {"_type": "tag", "name": "type", "path": "/home/kavia/workspace/code-generation/mongodb-performance-monitor-210576-210586/performance_monitor_backend/src/api/schemas/alerts.py", "pattern": "/^    type: AlertRuleType = Field(..., description=\"Rule type identifier.\")$/", "language": "Python", "typeref": "typename:AlertRuleType", "kind": "variable", "scope": "AlertRuleBase", "scopeKind": "class"}, {"_type": "tag", "name": "type", "path": "/home/kavia/workspace/code-generation/mongodb-performance-monitor-210576-210586/performance_monitor_backend/src/api/schemas/alerts.py", "pattern": "/^    type: Optional[AlertRuleType] = Field(default=None, description=\"Rule type identifier.\")$/", "language": "Python", "typeref": "typename:Optional[AlertRuleType]", "kind": "variable", "scope": "AlertRuleUpdate", "scopeKind": "class"}, {"_type": "tag", "name": "updated_at", "path": "/home/kavia/workspace/code-generation/mongodb-performance-monitor-210576-210586/performance_monitor_backend/src/api/schemas/alerts.py", "pattern": "/^    updated_at: datetime = Field(..., description=\"UTC timestamp when the rule was last updated./", "language": "Python", "typeref": "typename:datetime", "kind": "variable", "scope": "AlertRuleOut", "scopeKind": "class"}, {"_type": "tag", "name": "value", "path": "/home/kavia/workspace/code-generation/mongodb-performance-monitor-210576-210586/performance_monitor_backend/src/api/schemas/alerts.py", "pattern": "/^    value: Optional[float] = Field(default=None, description=\"Measured value (if available).\")$/", "language": "Python", "typeref": "typename:Optional[float]", "kind": "variable", "scope": "AlertEventOut", "scopeKind": "class"}, {"_type": "tag", "name": "window_sec", "path": "/home/kavia/workspace/code-generation/mongodb-performance-monitor-210576-210586/performance_monitor_backend/src/api/schemas/alerts.py", "pattern": "/^    window_sec: Optional[int] = Field($/", "language": "Python", "typeref": "typename:Optional[int]", "kind": "variable", "scope": "AlertRuleUpdate", "scopeKind": "class"}, {"_type": "tag", "name": "window_sec", "path": "/home/kavia/workspace/code-generation/mongodb-performance-monitor-210576-210586/performance_monitor_backend/src/api/schemas/alerts.py", "pattern": "/^    window_sec: Optional[int] = Field(default=None, description=\"Rule window used (seconds).\", a/", "language": "Python", "typeref": "typename:Optional[int]", "kind": "variable", "scope": "AlertEventOut", "scopeKind": "class"}, {"_type": "tag", "name": "window_sec", "path": "/home/kavia/workspace/code-generation/mongodb-performance-monitor-210576-210586/performance_monitor_backend/src/api/schemas/alerts.py", "pattern": "/^    window_sec: int = Field($/", "language": "Python", "typeref": "typename:int", "kind": "variable", "scope": "AlertRuleBase", "scopeKind": "class"}], "hash": "8db524f73e9d2837ef04f87342ce6bbd", "format-version": 4, "code-base-name": "performance_monitor_backend", "filename": "performance_monitor_backend/src/api/schemas/alerts.py", "fields": [{"name": "AlertEventType = Literal[\"triggered\", \"resolved\"]", "scope": "", "scopeKind": "", "description": "unavailable"}, {"name": "AlertRuleType = Literal[\"high_connections\", \"high_ops_latency\", \"slow_operations_rate\"]", "scope": "", "scopeKind": "", "description": "unavailable"}, {"name": "AlertStatus = Literal[\"ok\", \"triggered\"]", "scope": "", "scopeKind": "", "description": "unavailable"}, {"name": "datetime created_at", "scope": "AlertEventOut", "scopeKind": "class", "description": "unavailable"}, {"name": "Optional[bool] enabled", "scope": "AlertRuleUpdate", "scopeKind": "class", "description": "unavailable"}, {"name": "bool enabled", "scope": "AlertRuleBase", "scopeKind": "class", "description": "unavailable"}, {"name": "Optional[datetime] end", "scope": "AlertEventsQuery", "scopeKind": "class", "description": "unavailable"}, {"name": "AlertEventType event_type", "scope": "AlertEventOut", "scopeKind": "class", "description": "unavailable"}, {"name": "Optional[AlertEventType] event_type", "scope": "AlertEventsQuery", "scopeKind": "class", "description": "unavailable"}, {"name": "str id", "scope": "AlertEventOut", "scopeKind": "class", "description": "unavailable"}, {"name": "Optional[str] instance_id", "scope": "AlertEventsQuery", "scopeKind": "class", "description": "unavailable"}, {"name": "str instance_id", "scope": "AlertEventOut", "scopeKind": "class", "description": "unavailable"}, {"name": "Optional[str] instance_scope", "scope": "AlertRuleBase", "scopeKind": "class", "description": "unavailable"}, {"name": "List[AlertEventOut] items", "scope": "AlertEventListResponse", "scopeKind": "class", "description": "unavailable"}, {"name": "List[AlertRuleOut] items", "scope": "AlertRuleListResponse", "scopeKind": "class", "description": "unavailable"}, {"name": "int limit", "scope": "AlertEventsQuery", "scopeKind": "class", "description": "unavailable"}, {"name": "str message", "scope": "AlertEventOut", "scopeKind": "class", "description": "unavailable"}, {"name": "Dict[str, Any] meta", "scope": "AlertEventOut", "scopeKind": "class", "description": "unavailable"}, {"name": "Optional[str] name", "scope": "AlertRuleUpdate", "scopeKind": "class", "description": "unavailable"}, {"name": "str name", "scope": "AlertRuleBase", "scopeKind": "class", "description": "unavailable"}, {"name": "int offset", "scope": "AlertEventsQuery", "scopeKind": "class", "description": "unavailable"}, {"name": "Optional[str] rule_id", "scope": "AlertEventsQuery", "scopeKind": "class", "description": "unavailable"}, {"name": "str rule_id", "scope": "AlertEventOut", "scopeKind": "class", "description": "unavailable"}, {"name": "Optional[Severity] severity", "scope": "AlertRuleUpdate", "scopeKind": "class", "description": "unavailable"}, {"name": "Severity severity", "scope": "AlertEventOut", "scopeKind": "class", "description": "unavailable"}, {"name": "Optional[datetime] start", "scope": "AlertEventsQuery", "scopeKind": "class", "description": "unavailable"}, {"name": "AlertStatus status", "scope": "AlertEventOut", "scopeKind": "class", "description": "unavailable"}, {"name": "Optional[AlertStatus] status", "scope": "AlertEventsQuery", "scopeKind": "class", "description": "unavailable"}, {"name": "Optional[float] threshold", "scope": "AlertRuleUpdate", "scopeKind": "class", "description": "unavailable"}, {"name": "float threshold", "scope": "AlertRuleBase", "scopeKind": "class", "description": "unavailable"}, {"name": "str title", "scope": "AlertEventOut", "scopeKind": "class", "description": "unavailable"}, {"name": "int total", "scope": "AlertRuleListResponse", "scopeKind": "class", "description": "unavailable"}, {"name": "AlertRuleType type", "scope": "AlertRuleBase", "scopeKind": "class", "description": "unavailable"}, {"name": "Optional[AlertRuleType] type", "scope": "AlertRuleUpdate", "scopeKind": "class", "description": "unavailable"}, {"name": "datetime updated_at", "scope": "AlertRuleOut", "scopeKind": "class", "description": "unavailable"}, {"name": "Optional[float] value", "scope": "AlertEventOut", "scopeKind": "class", "description": "unavailable"}, {"name": "Optional[int] window_sec", "scope": "AlertRuleUpdate", "scopeKind": "class", "description": "unavailable"}, {"name": "int window_sec", "scope": "AlertRuleBase", "scopeKind": "class", "description": "unavailable"}], "revision_history": [{"75": "9e7446029497066b1021343648c0face5bcaa592"}]}