{"is_source_file": false, "format": "", "description": "", "external_files": [], "external_methods": [], "published": [], "classes": [], "methods": [], "calls": [], "search-terms": [], "state": 2, "file_id": 19, "knowledge_revision": 41, "git_revision": "5c1110a3ebc62d3d78963eacede0143bf7676821", "ctags": [], "hash": "846b439a2791bc9b3cbb440e47b1f593", "format-version": 4, "code-base-name": "performance_monitor_backend", "filename": "performance_monitor_backend/src/api/services/__init__.py", "revision_history": [{"41": "5c1110a3ebc62d3d78963eacede0143bf7676821"}]}