{"is_source_file": true, "format": "Python", "description": "This is a Python source file defining Pydantic schemas used by API routers in a project related to MongoDB performance monitoring.", "external_files": [], "external_methods": [], "published": [], "classes": [], "methods": [], "calls": [], "search-terms": ["Pydantic schemas", "API routers", "performance_monitor_backend", "schemas"], "state": 2, "file_id": 9, "knowledge_revision": 31, "git_revision": "5c1110a3ebc62d3d78963eacede0143bf7676821", "ctags": [], "hash": "11dd168e9e6cf03232f88f9d9bdee908", "format-version": 4, "code-base-name": "performance_monitor_backend", "filename": "performance_monitor_backend/src/api/schemas/__init__.py", "revision_history": [{"31": "5c1110a3ebc62d3d78963eacede0143bf7676821"}]}