{"is_source_file": true, "format": "Python", "description": "This file defines a configuration data class for backend settings, including functions to load configuration from environment variables and a specific file containing MongoDB connection details. It is used for managing and retrieving configuration parameters for a backend service, particularly related to MongoDB connection URI, metrics sampling interval, and retention days.", "external_files": ["os", "re", "dataclasses", "pathlib", "typing"], "external_methods": ["Path.resolve", "Path.exists", "Path.read_text", "os.getenv"], "published": ["load_config", "BackendConfig"], "classes": [{"name": "BackendConfig", "description": "Immutable data class holding backend configuration parameters: mongo URI, metrics sampling interval, and retention days."}], "methods": [{"name": "Optional[str] _read_mongo_uri_from_db_connection_file()", "description": "Reads and extracts the MongoDB URI from a specific file if present, supporting different formats (starts with 'mongosh ' or contains a URI).", "scope": "", "scopeKind": ""}, {"name": "BackendConfig load_config()", "description": "Loads backend configuration by attempting to read from a file first, then from environment variables, returning a BackendConfig object.", "scope": "", "scopeKind": ""}], "calls": ["Path.resolve", "Path.exists", "Path.read_text", "re.search", "os.getenv"], "search-terms": ["MongoDB URI config", "Environment variable config", "Database connection file", "Performance monitor backend", "Metrics configuration"], "state": 2, "file_id": 21, "knowledge_revision": 45, "git_revision": "", "ctags": [{"_type": "tag", "name": "BackendConfig", "path": "/home/kavia/workspace/code-generation/mongodb-performance-monitor-210576-210586/performance_monitor_backend/src/api/config.py", "pattern": "/^class BackendConfig:$/", "language": "Python", "kind": "class"}, {"_type": "tag", "name": "_read_mongo_uri_from_db_connection_file", "path": "/home/kavia/workspace/code-generation/mongodb-performance-monitor-210576-210586/performance_monitor_backend/src/api/config.py", "pattern": "/^def _read_mongo_uri_from_db_connection_file() -> Optional[str]:$/", "language": "Python", "typeref": "typename:Optional[str]", "kind": "function", "signature": "()"}, {"_type": "tag", "name": "load_config", "path": "/home/kavia/workspace/code-generation/mongodb-performance-monitor-210576-210586/performance_monitor_backend/src/api/config.py", "pattern": "/^def load_config() -> BackendConfig:$/", "language": "Python", "typeref": "typename:BackendConfig", "kind": "function", "signature": "()"}], "hash": "45ca2b3ec7ee127823a220c0b873f3fc", "format-version": 4, "code-base-name": "performance_monitor_backend", "filename": "performance_monitor_backend/src/api/config.py", "revision_history": [{"45": ""}]}