{"is_source_file": true, "format": "Python", "description": "This source file defines API endpoints for managing MongoDB instances using FastAPI, including listing, creating, fetching, updating, and deleting instances.", "external_files": ["src.api.schemas.common", "src.api.schemas.instances", "src.api.services.instances_service"], "external_methods": ["instances_service.list_instances", "instances_service.create_instance", "instances_service.get_instance", "instances_service.update_instance", "instances_service.delete_instance"], "published": ["list_instances", "create_instance", "get_instance", "update_instance", "delete_instance"], "classes": [], "methods": [{"name": "InstanceListResponse list_instances()", "description": "Returns a list of all configured MongoDB instances.", "scope": "", "scopeKind": ""}, {"name": "InstanceOut create_instance(payload: InstanceCreate)", "description": "Creates a new MongoDB instance configuration after validating input.", "scope": "", "scopeKind": ""}, {"name": "InstanceOut get_instance(instance_id: str = Path(..., description=\"Instance identifier\"))", "description": "Fetches a single instance by its ID.", "scope": "", "scopeKind": ""}, {"name": "InstanceOut update_instance( payload: InstanceUpdate, instance_id: str = Path(..., description=\"Instance identifier\"), )", "description": "Updates an existing instance configuration identified by its ID.", "scope": "", "scopeKind": ""}, {"name": "None delete_instance(instance_id: str = Path(..., description=\"Instance identifier\"))", "description": "Deletes an instance by its ID.", "scope": "", "scopeKind": ""}], "calls": ["instances_service.list_instances", "instances_service.create_instance", "instances_service.get_instance", "instances_service.update_instance", "instances_service.delete_instance"], "search-terms": ["instances", "CRUD", "MongoDB", "FastAPI", "instance management", "API router", "src.api.schemas.instances", "src.api.services.instances_service"], "state": 2, "file_id": 14, "knowledge_revision": 36, "git_revision": "5c1110a3ebc62d3d78963eacede0143bf7676821", "ctags": [{"_type": "tag", "name": "create_instance", "path": "/home/kavia/workspace/code-generation/mongodb-performance-monitor-210576-210586/performance_monitor_backend/src/api/routers/instances.py", "pattern": "/^def create_instance(payload: InstanceCreate) -> InstanceOut:$/", "language": "Python", "typeref": "typename:InstanceOut", "kind": "function", "signature": "(payload: InstanceCreate)"}, {"_type": "tag", "name": "delete_instance", "path": "/home/kavia/workspace/code-generation/mongodb-performance-monitor-210576-210586/performance_monitor_backend/src/api/routers/instances.py", "pattern": "/^def delete_instance(instance_id: str = Path(..., description=\"Instance identifier\")) -> None:$/", "language": "Python", "typeref": "typename:None", "kind": "function", "signature": "(instance_id: str = Path(..., description=\"Instance identifier\"))"}, {"_type": "tag", "name": "get_instance", "path": "/home/kavia/workspace/code-generation/mongodb-performance-monitor-210576-210586/performance_monitor_backend/src/api/routers/instances.py", "pattern": "/^def get_instance(instance_id: str = Path(..., description=\"Instance identifier\")) -> InstanceOut/", "language": "Python", "typeref": "typename:InstanceOut", "kind": "function", "signature": "(instance_id: str = Path(..., description=\"Instance identifier\"))"}, {"_type": "tag", "name": "list_instances", "path": "/home/kavia/workspace/code-generation/mongodb-performance-monitor-210576-210586/performance_monitor_backend/src/api/routers/instances.py", "pattern": "/^def list_instances() -> InstanceListResponse:$/", "language": "Python", "typeref": "typename:InstanceListResponse", "kind": "function", "signature": "()"}, {"_type": "tag", "name": "router", "path": "/home/kavia/workspace/code-generation/mongodb-performance-monitor-210576-210586/performance_monitor_backend/src/api/routers/instances.py", "pattern": "/^router = APIRouter(prefix=\"\\/api\\/instances\", tags=[\"Instances\"])$/", "language": "Python", "kind": "variable"}, {"_type": "tag", "name": "update_instance", "path": "/home/kavia/workspace/code-generation/mongodb-performance-monitor-210576-210586/performance_monitor_backend/src/api/routers/instances.py", "pattern": "/^def update_instance($/", "language": "Python", "typeref": "typename:InstanceOut", "kind": "function", "signature": "( payload: InstanceUpdate, instance_id: str = Path(..., description=\"Instance identifier\"), )"}], "hash": "860d555a7e6d6237c8b3432ad822351c", "format-version": 4, "code-base-name": "performance_monitor_backend", "filename": "performance_monitor_backend/src/api/routers/instances.py", "fields": [{"name": "router = APIRouter(prefix=\"\\/api\\/instances\", tags=[\"Instances\"])", "scope": "", "scopeKind": "", "description": "unavailable"}], "revision_history": [{"36": "5c1110a3ebc62d3d78963eacede0143bf7676821"}]}