{"is_source_file": false, "format": "", "description": "", "external_files": [], "external_methods": [], "published": [], "classes": [], "methods": [], "calls": [], "search-terms": ["mongodb-performance-monitor", "README.md", "performance monitoring", "database performance"], "state": 2, "file_id": 1, "knowledge_revision": 6, "git_revision": "9ed048bc846c9dda3c1f55dfb08da28f404401cb", "hash": "ab2a291f86a162a836ba442764c22fd0", "format-version": 4, "code-base-name": "performance_monitor_backend", "filename": "README.md", "revision_history": [{"6": "9ed048bc846c9dda3c1f55dfb08da28f404401cb"}]}